name,price,stars,link
lucky-charms-family-size,"€8,99",4.87,/collections/snack-americani/products/lucky-charms-family-size
candy-box,"€14,90",4.88,/collections/snack-americani/products/candy-box
americanbox-del-mese-la-box-votata-dalla-community-32-34-prodotti,"€59,90",4.80,/collections/snack-americani/products/americanbox-del-mese-la-box-votata-dalla-community-32-34-prodotti
americanbox-m-box-da-minimo-20-prodotti,"€29,90",4.80,/collections/snack-americani/products/americanbox-m-box-da-minimo-20-prodotti
americanbox-xl-box-da-47-50-prodotti,"€75,00",4.80,/collections/snack-americani/products/americanbox-xl-box-da-47-50-prodotti
love-bites-box-scatola-di-cioccolatini-e-caramelle,"€29,90",5.00,/collections/snack-americani/products/love-bites-box-scatola-di-cioccolatini-e-caramelle
americanbox-xxl-la-scorta-mensile-da-100-prodotti,"€149,90",4.80,/collections/snack-americani/products/americanbox-xxl-la-scorta-mensile-da-100-prodotti
americanbox-dolce-da-minimo-20-prodotti,"€29,90",4.80,/collections/snack-americani/products/americanbox-dolce-da-minimo-20-prodotti
pringles-scorchin-cheddar-patatine-piccanti-al-formaggio-da-158g,"€4,49",4.33,/collections/snack-americani/products/pringles-scorchin-cheddar-patatine-piccanti-al-formaggio-da-158g
patriots-onion-rings-patatine-alla-cipolla-da-40g,"€1,29",4.70,/collections/snack-americani/products/patriots-onion-rings-patatine-alla-cipolla-da-40g
jack-links-beef-jerky-original,"€3,49",4.51,/collections/snack-americani/products/jack-links-beef-jerky-original
3-jack-links-vari-gusti,"
        €9,49
      ",4.62,/collections/snack-americani/products/3-jack-links-vari-gusti
jelly-belly-bean-harry-potter,"€3,89",4.56,/collections/snack-americani/products/jelly-belly-bean-harry-potter
kellogs-froot-loops-286g,"€8,99",5.00,/collections/snack-americani/products/kellogs-froot-loops-286g
tex-mex-kit,"€24,90",5.00,/collections/snack-americani/products/tex-mex-kit
fluff-vanilla,"€3,49",4.88,/collections/snack-americani/products/fluff-vanilla
dr-pepper-uk-bevanda-alla-frutta-da-330ml,"€1,59",4.50,/collections/snack-americani/products/dr-pepper-uk-bevanda-alla-frutta-da-330ml
monster-ultra-blue,"€3,49",4.83,/collections/snack-americani/products/monster-ultra-blue
combos-pepperoni-pizza-cracker,"€1,79",4.69,/collections/snack-americani/products/combos-pepperoni-pizza-cracker
patriots-nachos-bbq-nachos-al-bbq-da-50g,"€1,29",4.75,/collections/snack-americani/products/patriots-nachos-bbq-nachos-al-bbq-da-50g
old-el-paso-taco-shells-12-tacos-croccanti-da-156g,"€4,99",0.00,/collections/snack-americani/products/old-el-paso-taco-shells-12-tacos-croccanti-da-156g
acqua-fiji,"€2,49",5.00,/collections/snack-americani/products/acqua-fiji
combos-cheddar-cheese-pretzel,"€1,79",4.78,/collections/snack-americani/products/combos-cheddar-cheese-pretzel
goldfish-color-craker-colorati-al-formaggio-da-187g,"€3,99",4.67,/collections/snack-americani/products/goldfish-color-craker-colorati-al-formaggio-da-187g
warheads-super-sour-spray-candy-caramella-spray-alla-futta-da-20ml,"€2,99",4.83,/collections/snack-americani/products/warheads-super-sour-spray-candy-caramella-spray-alla-futta-da-20ml
goldfish-cracker-extra-cheddar-confezione-di-cracker-al-cheddar-da-187g,"€3,99",5.00,/collections/snack-americani/products/goldfish-cracker-extra-cheddar-confezione-di-cracker-al-cheddar-da-187g
hersheys-strawberriesn-creme-barretta-al-cioccolato-bianco-e-fragola-da-39g,"€1,79",5.00,/collections/snack-americani/products/hersheys-strawberriesn-creme-barretta-al-cioccolato-bianco-e-fragola-da-39g
brachs-haverst-corn-candy-corn-da-312g,"€4,99",0.00,/collections/snack-americani/products/brachs-haverst-corn-candy-corn-da-312g
hostess-zingers-vanilla-cakes-confezione-da-10,"€8,99",4.22,/collections/snack-americani/products/hostess-zingers-vanilla-cakes-confezione-da-10
wonka-nerds-watermelon-amp-wild-cherry,"€1,69",5.00,/collections/snack-americani/products/wonka-nerds-watermelon-amp-wild-cherry
pam-original-cooking-spray,"€7,99",5.00,/collections/snack-americani/products/pam-original-cooking-spray
3x-patriots-onion-rings,"€3,87",5.00,/collections/snack-americani/products/3x-patriots-onion-rings
reeses-big-cup,"€1,99",5.00,/collections/snack-americani/products/reeses-big-cup
pop-tarts-frosted-cinnamon-roll,"€6,49",4.67,/collections/snack-americani/products/pop-tarts-frosted-cinnamon-roll
ocean-bomb-vegito-apple-bevanda-alla-mela-330ml,"€3,99",0.00,/collections/snack-americani/products/ocean-bomb-vegito-apple-bevanda-alla-mela-330ml
bacchetta-harry-potter-jelly-belly,"€12,99",4.00,/collections/snack-americani/products/bacchetta-harry-potter-jelly-belly
hersheys-whoppers,"€1,99",4.00,/collections/snack-americani/products/hersheys-whoppers
herrs-carolina-reaper-flavoured-cheese-curls,"€1,29",4.00,/collections/snack-americani/products/herrs-carolina-reaper-flavoured-cheese-curls
patriots-nachos-chili-paprika-nachos-alla-paprika-da-60g,"€1,29",5.00,/collections/snack-americani/products/patriots-nachos-chili-paprika-nachos-alla-paprika-da-60g
reeses-peanut-butter-cup-trio-cioccolatini-al-burro-darachidi-da-63g,"€2,49",5.00,/collections/snack-americani/products/reeses-peanut-butter-cup-trio-cioccolatini-al-burro-darachidi-da-63g
golden-grahams,"€8,99",5.00,/collections/snack-americani/products/golden-grahams
reeses-organic-peanut-butter-cups-dark-tazze-di-cioccolato-fondente-ripiene-di-burro-darachidi-da-39g,"€3,49",5.00,/collections/snack-americani/products/reeses-organic-peanut-butter-cups-dark-tazze-di-cioccolato-fondente-ripiene-di-burro-darachidi-da-39g
patriots-coated-peanut-chili-arachidi-al-peperoncino-da-30g,"€0,99",0.00,/collections/snack-americani/products/patriots-coated-peanut-chili-arachidi-al-peperoncino-da-30g
post-honeycomb-cereali-al-miele-da-354g,"€8,99",0.00,/collections/snack-americani/products/post-honeycomb-cereali-al-miele-da-354g
6x-patriots-nachos-chili-paprika-nachos-alla-paprika-da-60g,"€7,74",0.00,/collections/snack-americani/products/6x-patriots-nachos-chili-paprika-nachos-alla-paprika-da-60g
reeses-ultimate-peanut-butter-lovers-tazze-al-burro-darachidi-da-79g,"€3,99",0.00,/collections/snack-americani/products/reeses-ultimate-peanut-butter-lovers-tazze-al-burro-darachidi-da-79g
bang-rainbow-unicorn-energy-drink-alla-frutta-da-500ml,"€3,49",0.00,/collections/snack-americani/products/bang-rainbow-unicorn-energy-drink-alla-frutta-da-500ml
goldfish-crackers-original-confezione-di-crackers-al-formaggio-da-187g,"€3,99",4.33,/collections/snack-americani/products/goldfish-crackers-original-confezione-di-crackers-al-formaggio-da-187g
mrs-freshleys-raspberry-dreamies-merendine-al-lampone-da-113g,"€1,99",4.50,/collections/snack-americani/products/mrs-freshleys-raspberry-dreamies-merendine-al-lampone-da-113g
coffee-mate-coffee-creamer-vanilla-caramel-miscela-in-polvere-alla-vaniglia-e-al-caramello-da-425-2g,"€9,49",5.00,/collections/snack-americani/products/coffee-mate-coffee-creamer-vanilla-caramel-miscela-in-polvere-alla-vaniglia-e-al-caramello-da-425-2g
herrs-honey-cheese-curl-patatine-al-miele-e-formaggio-da-184g,"€5,99",0.00,/collections/snack-americani/products/herrs-honey-cheese-curl-patatine-al-miele-e-formaggio-da-184g
6x-patriots-onion-rings,"€7,74",0.00,/collections/snack-americani/products/6x-patriots-onion-rings
charms-fluffy-stuff-candy-floss-1,"€1,99",4.90,/collections/snack-americani/products/charms-fluffy-stuff-candy-floss-1
hersheys-cookiesn-mint-cioccolato-bianco-alla-menta-da-39g,"€1,79",5.00,/collections/snack-americani/products/hersheys-cookiesn-mint-cioccolato-bianco-alla-menta-da-39g
dr-pepper-cherry-vanilla,"€1,49",5.00,/collections/snack-americani/products/dr-pepper-cherry-vanilla
harry-potter-stemmi-hogwarts-barretta-di-cioccolato-da-8g,"€2,49",0.00,/collections/snack-americani/products/harry-potter-stemmi-hogwarts-barretta-di-cioccolato-da-8g
bean-boozled-flaming-five-caramelle-al-peperoncino-da-45g,"
        €1,99
      ",5.00,/collections/snack-americani/products/bean-boozled-flaming-five-caramelle-al-peperoncino-da-45g
goldfish-cheddar-cracker-cracker-al-formaggio-da-187g,"€3,99",5.00,/collections/snack-americani/products/goldfish-cheddar-cracker-cracker-al-formaggio-da-187g
pepsi-mango-bevanda-al-mango-da-355ml,"€1,79",5.00,/collections/snack-americani/products/pepsi-mango-bevanda-al-mango-da-355ml
pop-tarts-frosted-cherry-biscotti-ripieni-di-crema-alla-ciliegia-da-416g,"€6,49",0.00,/collections/snack-americani/products/pop-tarts-frosted-cherry-biscotti-ripieni-di-crema-alla-ciliegia-da-416g
chunky-salsa-dip-hot-old-el-paso-salsa-piccante-con-cipolle-e-peperoni-da-320g,"€3,49",0.00,/collections/snack-americani/products/chunky-salsa-dip-hot-old-el-paso-salsa-piccante-con-cipolle-e-peperoni-da-320g
6x-patriots-coated-peanut-chili-arachidi-al-peperoncino-da-30g,"€5,94",0.00,/collections/snack-americani/products/6x-patriots-coated-peanut-chili-arachidi-al-peperoncino-da-30g
sangaria-melon-soda-soda-al-melone-da-500ml,"€3,49",5.00,/collections/snack-americani/products/sangaria-melon-soda-soda-al-melone-da-500ml
holidays-box-confezione-regalo-natalizia-30x25x20,"€3,90",0.00,/collections/snack-americani/products/holidays-box-confezione-regalo-natalizia-30x25x20
arizona-strawberry-lemonade-bevanda-alla-fragola-e-limonata-da-500ml,"€2,49",4.50,/collections/snack-americani/products/arizona-strawberry-lemonade-bevanda-alla-fragola-e-limonata-da-500ml
jumex-guava-bevanda-al-gusto-di-guava-da-335ml,"€1,69",0.00,/collections/snack-americani/products/jumex-guava-bevanda-al-gusto-di-guava-da-335ml
bacchetta-albus-silente-jelly-belly,"€12,99",0.00,/collections/snack-americani/products/bacchetta-albus-silente-jelly-belly
wonka-sweetart,"€1,59",5.00,/collections/snack-americani/products/wonka-sweetart
herrs-baked-cheese-curl-big-pack,"€4,49",0.00,/collections/snack-americani/products/herrs-baked-cheese-curl-big-pack
betty-crocker-country-carrot-cake-mix,"€4,89",0.00,/collections/snack-americani/products/betty-crocker-country-carrot-cake-mix
tootsie-roll-big-bars,"€1,99",0.00,/collections/snack-americani/products/tootsie-roll-big-bars
charms-sweetn-sour-pops-caramelle-alla-frutta-da-18g,"€0,49",0.00,/collections/snack-americani/products/charms-sweetn-sour-pops-caramelle-alla-frutta-da-18g
bang-frose-rose-energy-drink-al-gusto-di-vino-rose-da-500ml,"€3,49",0.00,/collections/snack-americani/products/bang-frose-rose-energy-drink-al-gusto-di-vino-rose-da-500ml
starburst-fave-reds-caramelle-gommose-alla-frutta-da-58-7g,"€1,99",0.00,/collections/snack-americani/products/starburst-fave-reds-caramelle-gommose-alla-frutta-da-58-7g
cadbury-wispa-gold-barretta-al-cioccolato-ripiena-di-caramello-da-48g,"€1,99",0.00,/collections/snack-americani/products/cadbury-wispa-gold-barretta-al-cioccolato-ripiena-di-caramello-da-48g
sangaria-ramune-soda-bevanda-alla-frutta-da-500ml,"€3,49",0.00,/collections/snack-americani/products/sangaria-ramune-soda-bevanda-alla-frutta-da-500ml
mcvities-digestives-gingerbread-biscotto-al-pan-di-zenzero-rivestito-da-cioccolato-al-latte-da-243g,"€3,99",0.00,/collections/snack-americani/products/mcvities-digestives-gingerbread-biscotto-al-pan-di-zenzero-rivestito-da-cioccolato-al-latte-da-243g
monster-ultra-zero-rosa-energy-drink-fruttato-da-473ml,"€4,99",0.00,/collections/snack-americani/products/monster-ultra-zero-rosa-energy-drink-fruttato-da-473ml
cinnamon-bun-bites,"€2,49",5.00,/collections/snack-americani/products/cinnamon-bun-bites
arizona-tea-blueberry-te-ai-mirtilli-da-500-ml,"€2,49",0.00,/collections/snack-americani/products/arizona-tea-blueberry-te-ai-mirtilli-da-500-ml
betty-crocker-gluten-free-fudge-brownie-preparato-per-brownie-senza-glutine-da-415g,"€6,99",0.00,/collections/snack-americani/products/betty-crocker-gluten-free-fudge-brownie-preparato-per-brownie-senza-glutine-da-415g
cadbury-starbar,"€1,79",0.00,/collections/snack-americani/products/cadbury-starbar
betty-crocker-cream-cheese-style-icing,"€4,49",5.00,/collections/snack-americani/products/betty-crocker-cream-cheese-style-icing
kit-kat-big-little-whole-wheat-wafer-ripieno-di-crema-e-biscotto-integrale-da-45g,"€5,79",0.00,/collections/snack-americani/products/kit-kat-big-little-whole-wheat-wafer-ripieno-di-crema-e-biscotto-integrale-da-45g
heinz-spaghetti-spaghetti-da-400g,"€2,49",0.00,/collections/snack-americani/products/heinz-spaghetti-spaghetti-da-400g
shaken-bake-seasoning-parmesan-crusted,"€4,99",0.00,/collections/snack-americani/products/shaken-bake-seasoning-parmesan-crusted
chupa-chups-drink-arancia-bevanda-allarancia-da-345ml,"€2,49",4.00,/collections/snack-americani/products/chupa-chups-drink-arancia-bevanda-allarancia-da-345ml
betty-crocker-classic-coffee-cake-mix,"€4,89",5.00,/collections/snack-americani/products/betty-crocker-classic-coffee-cake-mix
arizona-iced-tea-peach-te-nero-alla-pesca-da-500ml,"€2,49",0.00,/collections/snack-americani/products/arizona-iced-tea-peach-te-nero-alla-pesca-da-500ml
kool-aid-tropical-punch,"€0,99",0.00,/collections/snack-americani/products/kool-aid-tropical-punch
bang-candy-apple-crisp-energy-drink-alla-mela-da-500ml,"€3,49",0.00,/collections/snack-americani/products/bang-candy-apple-crisp-energy-drink-alla-mela-da-500ml
old-el-paso-refried-beans-purea-di-fagioli-messicani-da-435g,"€2,49",0.00,/collections/snack-americani/products/old-el-paso-refried-beans-purea-di-fagioli-messicani-da-435g
big-league-gum-sour-apple,"€2,49",5.00,/collections/snack-americani/products/big-league-gum-sour-apple
cadbury-wispa-barretta-di-cioccolato-da-36g,"€1,79",0.00,/collections/snack-americani/products/cadbury-wispa-barretta-di-cioccolato-da-36g
capri-sun-orange-succo-di-frutta-allarancia-da-200-ml,"€1,49",0.00,/collections/snack-americani/products/capri-sun-orange-succo-di-frutta-allarancia-da-200-ml
cookie-dough-bites-cookiesncream,"€2,49",4.00,/collections/snack-americani/products/cookie-dough-bites-cookiesncream
big-league-chew-bubble-gum-grape,"€2,49",4.75,/collections/snack-americani/products/big-league-chew-bubble-gum-grape
flipz-strawberry-cheescake-coated-pretzel-pretzel-alla-fragola-da-90g,"€5,29",0.00,/collections/snack-americani/products/flipz-strawberry-cheescake-coated-pretzel-pretzel-alla-fragola-da-90g
heinz-hoop-no-added-sugar-spaghetti-al-pomodoro-senza-zuccheri-aggiunti-da-400g,"€2,99",0.00,/collections/snack-americani/products/heinz-hoop-no-added-sugar-spaghetti-al-pomodoro-senza-zuccheri-aggiunti-da-400g
pocky-tasty-butter-biscotti-ricoperti-di-crema-al-burro-darachidi-da-39g,"€4,99",0.00,/collections/snack-americani/products/pocky-tasty-butter-biscotti-ricoperti-di-crema-al-burro-darachidi-da-39g
old-jamaica-ginger-beer-bevanda-al-ginger-da-330ml,"€1,49",4.50,/collections/snack-americani/products/old-jamaica-ginger-beer-bevanda-al-ginger-da-330ml
herrs-deep-dish-pizza-big-pack,"€4,49",0.00,/collections/snack-americani/products/herrs-deep-dish-pizza-big-pack
dragonball-super-vegeta-iced-tea-alla-pesca-da-500ml,"€4,29",0.00,/collections/snack-americani/products/dragonball-super-vegeta-iced-tea-alla-pesca-da-500ml
isadora-frijoles-refritos-negros-purea-di-fagioli-neri-da-430g,"€3,99",0.00,/collections/snack-americani/products/isadora-frijoles-refritos-negros-purea-di-fagioli-neri-da-430g
van-holtens-dill-pickle,"€2,99",0.00,/collections/snack-americani/products/van-holtens-dill-pickle
hersheys-cookiesncreme-dipped-pretzel-pretzel-rivestiti-di-cioccolato-bianco-da-120g,"€4,99",5.00,/collections/snack-americani/products/hersheys-cookiesncreme-dipped-pretzel-pretzel-rivestiti-di-cioccolato-bianco-da-120g
bever-jarrito-mandarin-bevanda-al-mandarino-da-370ml,"€3,29",0.00,/collections/snack-americani/products/bever-jarrito-mandarin-bevanda-al-mandarino-da-370ml
ocean-spray-cranberry-raspberry,"€3,49",0.00,/collections/snack-americani/products/ocean-spray-cranberry-raspberry
francks-red-hot-original-wing-souce-cayenne-salsa-piccante-da-946ml,"€17,99",0.00,/collections/snack-americani/products/francks-red-hot-original-wing-souce-cayenne-salsa-piccante-da-946ml
jumex-papaya-pineapple-355-bevanda-al-gusto-di-papaya-e-ananas-da-355ml,"€1,69",0.00,/collections/snack-americani/products/jumex-papaya-pineapple-355-bevanda-al-gusto-di-papaya-e-ananas-da-355ml
dragonball-z-vegeta-iced-tea-alla-pesca-da-500ml,"€4,29",0.00,/collections/snack-americani/products/dragonball-z-vegeta-iced-tea-alla-pesca-da-500ml
coca-cola-zero-33cl,"€0,79",0.00,/collections/snack-americani/products/coca-cola-zero-33cl
dragonball-super-zamasu-iced-tea-alla-pesca-da-500ml,"€4,29",0.00,/collections/snack-americani/products/dragonball-super-zamasu-iced-tea-alla-pesca-da-500ml
dragonball-super-jiren-iced-tea-alla-pesca-da-500ml,"€4,29",0.00,/collections/snack-americani/products/dragonball-super-jiren-iced-tea-alla-pesca-da-500ml
dragonball-z-frieza-iced-tea-alla-pesca-da-500ml,"€4,29",0.00,/collections/snack-americani/products/dragonball-z-frieza-iced-tea-alla-pesca-da-500ml
7-up-cocktail-exotic-bevanda-ai-frutti-esotici-da-33ml,"€1,49",4.50,/collections/snack-americani/products/7-up-cocktail-exotic-bevanda-ai-frutti-esotici-da-33ml
kool-aid-jamaica-preparato-per-bevande-allhibiscus-da-3-9g,"€0,99",0.00,/collections/snack-americani/products/kool-aid-jamaica-preparato-per-bevande-allhibiscus-da-3-9g
dragonball-z-trunks-iced-tea-alla-pesca-da-500ml,"€4,29",0.00,/collections/snack-americani/products/dragonball-z-trunks-iced-tea-alla-pesca-da-500ml
brachs-peppermint-christmas-nougats-caramelle-alla-menta-peperita-da-312g,"€6,49",0.00,/collections/snack-americani/products/brachs-peppermint-christmas-nougats-caramelle-alla-menta-peperita-da-312g
mr-freshleys-jumbo-honey-buns,"€1,99",0.00,/collections/snack-americani/products/mr-freshleys-jumbo-honey-buns
kool-aid-green-apple-preparato-per-bevande-alla-ciliegia-da-3-9g,"€0,99",0.00,/collections/snack-americani/products/kool-aid-green-apple-preparato-per-bevande-alla-ciliegia-da-3-9g
one-piece-chopper-iced-tea-al-gusto-di-frutti-rossi-da-500ml,"€4,29",0.00,/collections/snack-americani/products/one-piece-chopper-iced-tea-al-gusto-di-frutti-rossi-da-500ml
dragonball-super-gohan-iced-tea-alla-pesca-da-500ml,"€4,29",0.00,/collections/snack-americani/products/dragonball-super-gohan-iced-tea-alla-pesca-da-500ml
kool-aid-berry-cherry,"€0,99",0.00,/collections/snack-americani/products/kool-aid-berry-cherry
hostess-cupcakes-orange-cupcake-allarancia-da-96g,"€4,49",0.00,/collections/snack-americani/products/hostess-cupcakes-orange-cupcake-allarancia-da-96g
lemonahead-pink-lemonade-caramelle-alla-limonata-rosa-da-23g,"€0,99",0.00,/collections/snack-americani/products/lemonahead-pink-lemonade-caramelle-alla-limonata-rosa-da-23g
hersheys-skor-barretta-cioccolato-ripieno-di-mandorle-caramellate-da-39g,"€1,99",0.00,/collections/snack-americani/products/hersheys-skor-barretta-cioccolato-ripieno-di-mandorle-caramellate-da-39g
monster-monarc-energy-drink-alla-frutta-da-500ml,"€2,49",0.00,/collections/snack-americani/products/monster-monarc-energy-drink-alla-frutta-da-500ml
starburst-tropical,"€1,99",5.00,/collections/snack-americani/products/starburst-tropical
hostess-snoballs,"€7,99",0.00,/collections/snack-americani/products/hostess-snoballs
hostess-cupcakes-chocolate-cupcake-al-cioccolato-da-96g,"€4,49",0.00,/collections/snack-americani/products/hostess-cupcakes-chocolate-cupcake-al-cioccolato-da-96g
nesquik-chocolate-caramel-swirl-preparato-in-polvere-al-cioccolato-e-caramello-da-525g,"€10,99",0.00,/collections/snack-americani/products/nesquik-chocolate-caramel-swirl-preparato-in-polvere-al-cioccolato-e-caramello-da-525g
sweetarts-rope-tangy-strawberry-caramelle-gommose-alla-fragola-da-99g,"€1,79",0.00,/collections/snack-americani/products/sweetarts-rope-tangy-strawberry-caramelle-gommose-alla-fragola-da-99g
wrigley-spearmint-extra-refreshers-gomme-alla-menta-da-15g,"€1,49",0.00,/collections/snack-americani/products/wrigley-spearmint-extra-refreshers-gomme-alla-menta-da-15g
dunkin-hazelnut-coffee-caffe-americano-alla-nocciola-da-340g,"€16,49",0.00,/collections/snack-americani/products/dunkin-hazelnut-coffee-caffe-americano-alla-nocciola-da-340g
wrigley-bubblemint-extra-refreshers-gomme-fresche-alla-frutta-da-15g,"€1,49",0.00,/collections/snack-americani/products/wrigley-bubblemint-extra-refreshers-gomme-fresche-alla-frutta-da-15g
nesquik-syrup-strawberry-sciroppo-alla-fragola-da-623-6g,"€5,99",0.00,/collections/snack-americani/products/nesquik-syrup-strawberry-sciroppo-alla-fragola-da-623-6g
dunkin-original-blend-medium-roast-caffe-americano-da-340g,"€16,49",0.00,/collections/snack-americani/products/dunkin-original-blend-medium-roast-caffe-americano-da-340g
sour-razzle-caramelle-aspre-alla-frutta-da-40g,"€1,99",5.00,/collections/snack-americani/products/sour-razzle-caramelle-aspre-alla-frutta-da-40g
charleston-chew-strawberry-torrone-morbido-alla-fragola-ricoperto-di-cioccolato-da-53g,"€1,79",0.00,/collections/snack-americani/products/charleston-chew-strawberry-torrone-morbido-alla-fragola-ricoperto-di-cioccolato-da-53g
bever-jarritos-grapefruit-bevanda-al-pompelmo-da-370ml,"€2,19",0.00,/collections/snack-americani/products/bever-jarritos-grapefruit-bevanda-al-pompelmo-da-370ml
hersheys-syrup,"€6,99",4.33,/collections/snack-americani/products/hersheys-syrup
dentyne-ice-arctic-chill-gomme-alla-menta-da-48g,"€2,49",0.00,/collections/snack-americani/products/dentyne-ice-arctic-chill-gomme-alla-menta-da-48g
jelly-belly-bubbly-sparkling-wine-flavour-caramelle-al-gusto-di-spumante-da-42g,"€4,49",0.00,/collections/snack-americani/products/jelly-belly-bubbly-sparkling-wine-flavour-caramelle-al-gusto-di-spumante-da-42g
hersheys-strawberry-syrup,"€6,99",0.00,/collections/snack-americani/products/hersheys-strawberry-syrup
heinz-sweet-relish,"€5,99",0.00,/collections/snack-americani/products/heinz-sweet-relish
lotus-biscoff-topping-topping-per-dolci-al-biscotto-lotus-da-1kg,"€19,99",0.00,/collections/snack-americani/products/lotus-biscoff-topping-topping-per-dolci-al-biscotto-lotus-da-1kg
nestle-coffee-mate-caramel-latte-miscela-in-polvere-al-latte-e-caramello-da-425-2g,"€10,99",2.00,/collections/snack-americani/products/nestle-coffee-mate-caramel-latte-miscela-in-polvere-al-latte-e-caramello-da-425-2g
libbys-pumpkin-purea-di-zucca-da-425g,"€4,79",0.00,/collections/snack-americani/products/libbys-pumpkin-purea-di-zucca-da-425g
heinz-hot-dog-relish-condimento-al-cetriolo-da-296ml,"€5,99",0.00,/collections/snack-americani/products/heinz-hot-dog-relish-condimento-al-cetriolo-da-296ml
kool-aid-sharkleberry-fin-preparato-per-bevande-in-polvere-al-gusto-di-frutti-misti-da-4-6g,"€0,99",0.00,/collections/snack-americani/products/kool-aid-sharkleberry-fin-preparato-per-bevande-in-polvere-al-gusto-di-frutti-misti-da-4-6g
hersheys-mr-goodbar-barretta-al-cioccolato-e-arachidi-da-49g,"€1,99",0.00,/collections/snack-americani/products/hersheys-mr-goodbar-barretta-al-cioccolato-e-arachidi-da-49g
twix-salted-caramel-barretta-al-cioccolato-ripieno-di-caramello-salato-da-46g,"€1,79",5.00,/collections/snack-americani/products/twix-salted-caramel-barretta-al-cioccolato-ripieno-di-caramello-salato-da-46g
cheetos-crunchy-bastoncini-al-formaggio-da-56g,"€1,99",0.00,/collections/snack-americani/products/cheetos-crunchy-bastoncini-al-formaggio-da-56g
kelloggs-unicorn-froot-loops-cereali-unicorno-da-375g,"€8,49",0.00,/collections/snack-americani/products/kelloggs-unicorn-froot-loops-cereali-unicorno-da-375g
nestle-munchies-cioccolatini-al-latte-da-50g,"€1,79",0.00,/collections/snack-americani/products/nestle-munchies-cioccolatini-al-latte-da-50g
cheetos-crunchy-jalapeno-bastoncini-al-formaggio-e-al-peperoncino-jalapeno-da-56g,"€1,99",5.00,/collections/snack-americani/products/cheetos-crunchy-jalapeno-bastoncini-al-formaggio-e-al-peperoncino-jalapeno-da-56g
snickers-creamy-peanut-butter-barretta-di-cioccolato-al-burro-darachidi-da-18-25g,"€1,29",0.00,/collections/snack-americani/products/snickers-creamy-peanut-butter-barretta-di-cioccolato-al-burro-darachidi-da-18-25g
cadbury-dairy-milk-freddo-caramel-barretta-al-cioccolato-ripieno-di-caramello-da-19-5g,"€0,99",0.00,/collections/snack-americani/products/cadbury-dairy-milk-freddo-caramel-barretta-al-cioccolato-ripieno-di-caramello-da-19-5g
cheetos-crunchy-flamin-hot-bastoncini-al-formaggio-piccante-da56g,"€1,99",0.00,/collections/snack-americani/products/cheetos-crunchy-flamin-hot-bastoncini-al-formaggio-piccante-da56g
cadbury-caramilk-barretta-al-cioccolato-bianco-ripiena-di-caranello-da-37g,"€1,79",0.00,/collections/snack-americani/products/cadbury-caramilk-barretta-al-cioccolato-bianco-ripiena-di-caranello-da-37g
lion-white-barretta-di-wafer-e-toff-ricoperto-di-cioccolato-bianco-da-42g,"€1,49",5.00,/collections/snack-americani/products/lion-white-barretta-di-wafer-e-toff-ricoperto-di-cioccolato-bianco-da-42g
6x-patriots-nacho-cheese-nachos-al-formaggio-da-60g,"€7,74",5.00,/collections/snack-americani/products/6x-patriots-nacho-cheese-nachos-al-formaggio-da-60g
sunkist-strawberry-lemonade-bevanda-al-gusto-di-limonata-e-fragola-da-355ml,"€1,79",0.00,/collections/snack-americani/products/sunkist-strawberry-lemonade-bevanda-al-gusto-di-limonata-e-fragola-da-355ml
francks-red-hot-cayenne-pepper-souce,"€3,49",0.00,/collections/snack-americani/products/francks-red-hot-cayenne-pepper-souce
franks-red-hot-original-cayenne-pepper-sauce,"€3,99",5.00,/collections/snack-americani/products/franks-red-hot-original-cayenne-pepper-sauce
americanbox-bevande-con-minimo-10-prodotti,"€19,90",4.80,/collections/snack-americani/products/americanbox-bevande-con-minimo-10-prodotti
hostess-twinkies-chocolate-confezione-da-10,"€8,49",5.00,/collections/snack-americani/products/hostess-twinkies-chocolate-confezione-da-10
now-later-chewy-mango-caramelle-al-mango-da-26g,"€0,99",0.00,/collections/snack-americani/products/now-later-chewy-mango-caramelle-al-mango-da-26g
snickers-peanut-brownie-barretta-di-cioccolato-al-burro-darachidi-e-brownie-da-34g,"€2,49",5.00,/collections/snack-americani/products/snickers-peanut-brownie-barretta-di-cioccolato-al-burro-darachidi-e-brownie-da-34g
kit-kat-mint-dark-chocolate-barretta-la-cioccolato-fondente-e-menta-da-42g,"€1,99",4.85,/collections/snack-americani/products/kit-kat-mint-dark-chocolate-barretta-la-cioccolato-fondente-e-menta-da-42g
chupa-chups-drink-uva-e-fragola-bevanda-al-gusto-di-uva-e-fragola-da-345ml,"€2,49",0.00,/collections/snack-americani/products/chupa-chups-drink-uva-e-fragola-bevanda-al-gusto-di-uva-e-fragola-da-345ml
3-confezioni-jelly-belly-10-flavours,"
        €3,99
      ",4.20,/collections/snack-americani/products/3-confezioni-jelly-belly-10-flavours
m-amp-ms-double-chocolate-cookies,"€3,99",4.67,/collections/snack-americani/products/m-amp-ms-double-chocolate-cookies
rocky-mountain-marshmallows,"€2,69",5.00,/collections/snack-americani/products/rocky-mountain-marshmallows
harry-potter-chocolate-frog-jelly-belly,"€5,49",4.80,/collections/snack-americani/products/harry-potter-chocolate-frog-jelly-belly
kit-kat-zebra-dark-white-wafer-ricoperto-di-cioccolato-bianco-e-nero-da-41-5g,"€2,29",5.00,/collections/snack-americani/products/kit-kat-zebra-dark-white-wafer-ricoperto-di-cioccolato-bianco-e-nero-da-41-5g
patriots-nacho-cheese-nachos-al-formaggio-da-60g,"€1,29",5.00,/collections/snack-americani/products/patriots-nacho-cheese-nachos-al-formaggio-da-60g
ocean-bomb-majin-buu-bevanda-alla-pesca-da-330-ml,"€3,99",0.00,/collections/snack-americani/products/ocean-bomb-majin-buu-bevanda-alla-pesca-da-330-ml
kinder-creamy-milky-crunchy-ovetto-kinder-con-crema-al-cioccolato-e-riso-soffiato-al-latte-da-19g,"€1,99",4.00,/collections/snack-americani/products/kinder-creamy-milky-crunchy-ovetto-kinder-con-crema-al-cioccolato-e-riso-soffiato-al-latte-da-19g
ramune-orange-soda-bevanda-allarancia-da-220ml,"€2,99",0.00,/collections/snack-americani/products/ramune-orange-soda-bevanda-allarancia-da-220ml
lays-original-patatine-da-43g,"€1,49",0.00,/collections/snack-americani/products/lays-original-patatine-da-43g
fanta-fruit-twist,"€1,69",4.50,/collections/snack-americani/products/fanta-fruit-twist
hostess-ding-dong-white-fudge-brownies-al-cioccolato-bianco-e-crema-alla-vaniglia-nel-formato-da-10-pezzi,"€7,99",5.00,/collections/snack-americani/products/hostess-ding-dong-white-fudge-brownies-al-cioccolato-bianco-e-crema-alla-vaniglia-nel-formato-da-10-pezzi
3-kool-aid-vari-gusti,"
        €2,67
      ",5.00,/collections/snack-americani/products/3-kool-aid-vari-gusti
cadbury-oreo-instant-chocolate,"€9,99",0.00,/collections/snack-americani/products/cadbury-oreo-instant-chocolate
whatchamacallit,"€1,99",0.00,/collections/snack-americani/products/whatchamacallit
lotus-biscuit-spread-smooth,"€5,99",4.78,/collections/snack-americani/products/lotus-biscuit-spread-smooth
jelly-belly-beans-10-flavors,"€1,49",5.00,/collections/snack-americani/products/jelly-belly-beans-10-flavors
twix-white,"€1,99",5.00,/collections/snack-americani/products/twix-white
kool-aid-cherry,"€0,99",5.00,/collections/snack-americani/products/kool-aid-cherry
jack-links-beef-jerky-original-confezione-da-75g,"€6,99",4.82,/collections/snack-americani/products/jack-links-beef-jerky-original-confezione-da-75g
lemonheads,"€0,49",5.00,/collections/snack-americani/products/lemonheads
pringles-ranch,"€3,49",4.56,/collections/snack-americani/products/pringles-ranch
andy-capps-bbq-fries,"€2,49",4.90,/collections/snack-americani/products/andy-capps-bbq-fries
cherryheads,"€0,49",4.88,/collections/snack-americani/products/cherryheads
andy-capps-cheddar-fries,"€2,49",4.69,/collections/snack-americani/products/andy-capps-cheddar-fries
airheads-cherry,"€0,49",4.71,/collections/snack-americani/products/airheads-cherry
laffy-taffy-rope-mistery-swir-caramella-dal-gusto-misterioso-da-22-9g,"€0,99",0.00,/collections/snack-americani/products/laffy-taffy-rope-mistery-swir-caramella-dal-gusto-misterioso-da-22-9g
wrigley-juicy-fruit-gomme-alla-frutta-da-18g,"€0,99",0.00,/collections/snack-americani/products/wrigley-juicy-fruit-gomme-alla-frutta-da-18g
takis-fuego-chips-confezione-di-riccioli-di-tortillas-al-peperoncino-piccante-da-65gr,"€1,99",4.56,/collections/snack-americani/products/takis-fuego-chips-confezione-di-riccioli-di-tortillas-al-peperoncino-piccante-da-65gr
coca-cola-orange-vanilla,"€1,69",4.33,/collections/snack-americani/products/coca-cola-orange-vanilla
3-caramelle-airheads-vari-gusti,"
        €1,29
      ",5.00,/collections/snack-americani/products/3-caramelle-airheads-vari-gusti
mrs-freshleys-snowballs,"€1,99",4.84,/collections/snack-americani/products/mrs-freshleys-snowballs
charms-sugar-daddy,"€0,49",0.00,/collections/snack-americani/products/charms-sugar-daddy
butterfinger,"€1,79",4.60,/collections/snack-americani/products/butterfinger
franks-red-hot-wing-souce-buffalo-946ml,"€18,49",0.00,/collections/snack-americani/products/franks-red-hot-wing-souce-buffalo-946ml
fanta-pineapple-soda,"€1,69",4.79,/collections/snack-americani/products/fanta-pineapple-soda
fluffy-stuff-cotton-cand-pops,"€0,99",4.60,/collections/snack-americani/products/fluffy-stuff-cotton-cand-pops
fanta-peach-soda,"€1,69",4.67,/collections/snack-americani/products/fanta-peach-soda
warheads-cube-sour-sweet-fruity-chewy-candy-caramelle-aspre-alla-frutta-da-113g,"€2,29",0.00,/collections/snack-americani/products/warheads-cube-sour-sweet-fruity-chewy-candy-caramelle-aspre-alla-frutta-da-113g
planters-cheez-ball-original-patatine-al-formaggio-da-34g,"€5,49",0.00,/collections/snack-americani/products/planters-cheez-ball-original-patatine-al-formaggio-da-34g
baha-breeze-watermelon-bevanda-allanguria-da-330ml,"€1,99",0.00,/collections/snack-americani/products/baha-breeze-watermelon-bevanda-allanguria-da-330ml
dr-pepper-cherry,"€1,49",5.00,/collections/snack-americani/products/dr-pepper-cherry
co-op-chicken-chasseur-mix-aromi-per-carne-da-38g,"€1,29",0.00,/collections/snack-americani/products/co-op-chicken-chasseur-mix-aromi-per-carne-da-38g
trident-tropical-twist-gomme-ai-frutti-tropicali-da-34g,"€1,29",0.00,/collections/snack-americani/products/trident-tropical-twist-gomme-ai-frutti-tropicali-da-34g
oor-wullies-braw-highland-toffee-toffee-bar-da-11g,"€0,49",0.00,/collections/snack-americani/products/oor-wullies-braw-highland-toffee-toffee-bar-da-11g
cry-baby-extra-sour-bubble-gum-gomme-alla-frutta-da-18g,"€0,49",0.00,/collections/snack-americani/products/cry-baby-extra-sour-bubble-gum-gomme-alla-frutta-da-18g
kool-aid-watermelon-preparato-per-bevande-da-4-3g,"€0,99",0.00,/collections/snack-americani/products/kool-aid-watermelon-preparato-per-bevande-da-4-3g
baha-breeze-mango-pineapple-bevanda-al-mango-e-ananas-da-330ml,"€1,99",0.00,/collections/snack-americani/products/baha-breeze-mango-pineapple-bevanda-al-mango-e-ananas-da-330ml
yoo-hoo-candy-bar,"€2,49",0.00,/collections/snack-americani/products/yoo-hoo-candy-bar
bever-jarritos-lime-bevanda-al-lime-da-370ml,"€2,19",0.00,/collections/snack-americani/products/bever-jarritos-lime-bevanda-al-lime-da-370ml
bever-jarritos-guava-soft-drink-al-guava-da-370ml,"€2,19",0.00,/collections/snack-americani/products/bever-jarritos-guava-soft-drink-al-guava-da-370ml
bever-jarritos-mexican-cola-bevanda-alla-coca-cola-370ml,"€2,19",0.00,/collections/snack-americani/products/bever-jarritos-mexican-cola-bevanda-alla-coca-cola-370ml
bever-jarritos-mango-bevanda-al-mango-da-370ml,"€2,19",0.00,/collections/snack-americani/products/bever-jarritos-mango-bevanda-al-mango-da-370ml
baver-jarritos-pineapple-bevanda-allananas-da-370ml,"€2,19",0.00,/collections/snack-americani/products/baver-jarritos-pineapple-bevanda-allananas-da-370ml
capri-sun-cola-bevanda-al-gusto-di-cola-e-limone-da-200ml,"€1,49",0.00,/collections/snack-americani/products/capri-sun-cola-bevanda-al-gusto-di-cola-e-limone-da-200ml
dentyne-fire-spicy-cinnamon-gomme-alla-cannella-da-48g,"€2,49",0.00,/collections/snack-americani/products/dentyne-fire-spicy-cinnamon-gomme-alla-cannella-da-48g
capri-sun-multi-vitamin-bevanda-alla-frutta-da-200ml,"€1,49",0.00,/collections/snack-americani/products/capri-sun-multi-vitamin-bevanda-alla-frutta-da-200ml
black-forrest-organic-mixed-fruit-caramelle-alla-frutta-da-181g,"€4,49",0.00,/collections/snack-americani/products/black-forrest-organic-mixed-fruit-caramelle-alla-frutta-da-181g
toxic-waste-nuclear-sludge-chew-bar-blue-raspberry-caramella-aspra-al-mirtillo-blu-da-20g,"€0,49",0.00,/collections/snack-americani/products/toxic-waste-nuclear-sludge-chew-bar-blue-raspberry-caramella-aspra-al-mirtillo-blu-da-20g
toxic-waste-nuclear-sludge-chew-bar-sour-apple-caramella-aspra-al-gusto-mela-da-20g,"€0,49",5.00,/collections/snack-americani/products/toxic-waste-nuclear-sludge-chew-bar-sour-apple-caramella-aspra-al-gusto-mela-da-20g
reeses-outrageous-barretta-di-cioccolato-ripiena-di-burro-darachidi-e-confetti-colorati-da-41g,"€2,29",0.00,/collections/snack-americani/products/reeses-outrageous-barretta-di-cioccolato-ripiena-di-burro-darachidi-e-confetti-colorati-da-41g
baha-breeze-tropical-bevanda-alla-frutta-da-330ml,"€1,99",0.00,/collections/snack-americani/products/baha-breeze-tropical-bevanda-alla-frutta-da-330ml
chupa-chups-sparkling-mango-bevanda-al-mango-da-250ml,"€1,69",0.00,/collections/snack-americani/products/chupa-chups-sparkling-mango-bevanda-al-mango-da-250ml
takis-caramella-alla-fragola-ricoperta-da-polvere-piccante-da-24g,"€0,69",0.00,/collections/snack-americani/products/takis-caramella-alla-fragola-ricoperta-da-polvere-piccante-da-24g
charleston-chew-vanilla-torrone-morbido-ricoperto-di-cioccolato-da-53g,"€1,79",0.00,/collections/snack-americani/products/charleston-chew-vanilla-torrone-morbido-ricoperto-di-cioccolato-da-53g
charleston-chew-chocolatey-torrone-al-cioccolato-da-53g,"€1,99",0.00,/collections/snack-americani/products/charleston-chew-chocolatey-torrone-al-cioccolato-da-53g
warheads-sour-booms-caramelle-aspre-alla-frutta-da-49g,"€2,99",0.00,/collections/snack-americani/products/warheads-sour-booms-caramelle-aspre-alla-frutta-da-49g
herrs-ghost-pepper-flavored-hot-patatine-al-peperoncino-da-170g,"€6,49",0.00,/collections/snack-americani/products/herrs-ghost-pepper-flavored-hot-patatine-al-peperoncino-da-170g
cheetos-macn-cheese-cheesy-jalapeno-pasta-al-formaggio-e-peperoncino-jalapeno-da-164g,"€5,99",0.00,/collections/snack-americani/products/cheetos-macn-cheese-cheesy-jalapeno-pasta-al-formaggio-e-peperoncino-jalapeno-da-164g
chupa-chups-sparkling-grape-bevanda-alluva-da-250ml,"€1,69",0.00,/collections/snack-americani/products/chupa-chups-sparkling-grape-bevanda-alluva-da-250ml
coffe-mate-original-aroma-in-polvere-per-caffe-da-311g,"€5,99",0.00,/collections/snack-americani/products/coffe-mate-original-aroma-in-polvere-per-caffe-da-311g
mr-kipling-space-chocolate-cake-mix-preparato-per-torta-al-cioccolato-da-400g,"€5,99",0.00,/collections/snack-americani/products/mr-kipling-space-chocolate-cake-mix-preparato-per-torta-al-cioccolato-da-400g
toxic-waste-nuclear-sludge-chew-bar-sour-cherry-caramella-aspra-alla-ciliegia-da-20g,"€0,49",0.00,/collections/snack-americani/products/toxic-waste-nuclear-sludge-chew-bar-sour-cherry-caramella-aspra-alla-ciliegia-da-20g
butterfinger-bites-cubetti-di-cioccolato-ripieni-di-burro-di-arachidi-croccante-da-99g,"€2,99",0.00,/collections/snack-americani/products/butterfinger-bites-cubetti-di-cioccolato-ripieni-di-burro-di-arachidi-croccante-da-99g
mr-kipling-llama-caramel-flavour-cake-mix-preparato-per-torta-al-caramello-da-400g,"€5,99",0.00,/collections/snack-americani/products/mr-kipling-llama-caramel-flavour-cake-mix-preparato-per-torta-al-caramello-da-400g
warheads-ooze-chews-caramelle-aspre-alla-frutta-ripiene-da-99g,"€2,49",0.00,/collections/snack-americani/products/warheads-ooze-chews-caramelle-aspre-alla-frutta-ripiene-da-99g
hanuta-kakao-crispies-wafer-ripieno-di-cioccolato-al-latte-e-pezzi-di-biscotto-al-cacao-da-220g,"€4,49",0.00,/collections/snack-americani/products/hanuta-kakao-crispies-wafer-ripieno-di-cioccolato-al-latte-e-pezzi-di-biscotto-al-cacao-da-220g
monster-watermelon-energy-drink-allanguria-da-500ml,"€2,49",0.00,/collections/snack-americani/products/monster-watermelon-energy-drink-allanguria-da-500ml
sour-patch-kids-caramelle-aspre-alla-frutta-99g,"€1,99",0.00,/collections/snack-americani/products/sour-patch-kids-caramelle-aspre-alla-frutta-99g
lion-peanut-butter-choco-2-barrette-al-cioccolato-ripieni-di-burro-darachidi-da-62g,"€1,49",0.00,/collections/snack-americani/products/lion-peanut-butter-choco-2-barrette-al-cioccolato-ripieni-di-burro-darachidi-da-62g
pop-tart-frosted-red-velvet-cupcake-biscotto-ripieno-di-crrema-al-gusto-di-red-velvet-da-384g,"€7,49",0.00,/collections/snack-americani/products/pop-tart-frosted-red-velvet-cupcake-biscotto-ripieno-di-crrema-al-gusto-di-red-velvet-da-384g
tonys-chocolonely-dark-chocolate-almond-barretta-di-cioccolato-fondente-cono-mandorle-da-47g,"€2,99",0.00,/collections/snack-americani/products/tonys-chocolonely-dark-chocolate-almond-barretta-di-cioccolato-fondente-cono-mandorle-da-47g
reeses-snack-bar-barretta-di-riso-soffiato-e-burro-darachidi-da-56g,"€2,99",0.00,/collections/snack-americani/products/reeses-snack-bar-barretta-di-riso-soffiato-e-burro-darachidi-da-56g
tonys-chocolonely-milk-chocolate-barretta-di-cioccolato-da-50g,"€2,99",0.00,/collections/snack-americani/products/tonys-chocolonely-milk-chocolate-barretta-di-cioccolato-da-50g
kiwi-berry-blast-blow-pops,"€0,49",4.00,/collections/snack-americani/products/kiwi-berry-blast-blow-pops
tonys-chocolonely-milk-chocolate-hazelnut-barretta-di-cioccolato-con-nocciole-da-47g,"€2,99",0.00,/collections/snack-americani/products/tonys-chocolonely-milk-chocolate-hazelnut-barretta-di-cioccolato-con-nocciole-da-47g
one-piece-sanji-iced-tea-al-gusto-di-frutti-rossi-da-500ml,"€4,29",0.00,/collections/snack-americani/products/one-piece-sanji-iced-tea-al-gusto-di-frutti-rossi-da-500ml
nestle-toll-house-dark-chocolate-morsel-gocce-di-cioccolato-per-biscotti-da-283g,"€6,99",0.00,/collections/snack-americani/products/nestle-toll-house-dark-chocolate-morsel-gocce-di-cioccolato-per-biscotti-da-283g
heinz-vegetable-soup-zuppa-vegetale-da-300g,"€2,99",0.00,/collections/snack-americani/products/heinz-vegetable-soup-zuppa-vegetale-da-300g
one-piece-robin-iced-tea-al-gusto-di-frutti-rossi-da-500ml,"€4,29",0.00,/collections/snack-americani/products/one-piece-robin-iced-tea-al-gusto-di-frutti-rossi-da-500ml
takis-fuego-confezione-di-riccioli-di-tortillas-al-peperoncino-piccante-da-70g,"€3,49",0.00,/collections/snack-americani/products/takis-fuego-confezione-di-riccioli-di-tortillas-al-peperoncino-piccante-da-70g
dragonball-super-piccolo-iced-tea-alla-pesca-da-500ml,"€4,29",0.00,/collections/snack-americani/products/dragonball-super-piccolo-iced-tea-alla-pesca-da-500ml
kool-aid-tangerine-preparato-in-polvere-per-bevanda-al-mandarino-da-4-5g,"€0,99",0.00,/collections/snack-americani/products/kool-aid-tangerine-preparato-in-polvere-per-bevanda-al-mandarino-da-4-5g
warheads-hard-candy-minis-caramelle-aspre-alla-frutta-da-49g,"€2,99",5.00,/collections/snack-americani/products/warheads-hard-candy-minis-caramelle-aspre-alla-frutta-da-49g
kool-aid-orange,"€0,99",5.00,/collections/snack-americani/products/kool-aid-orange
kool-aid-blue-raspberry-lemonade,"€0,99",5.00,/collections/snack-americani/products/kool-aid-blue-raspberry-lemonade
dragonball-z-cell-iced-tea-alla-pesca-da-500ml,"€4,29",0.00,/collections/snack-americani/products/dragonball-z-cell-iced-tea-alla-pesca-da-500ml
fanta-fruit-twist-zero-bevanda-alla-frutta-senza-zuccheri-da-500ml,"€2,99",0.00,/collections/snack-americani/products/fanta-fruit-twist-zero-bevanda-alla-frutta-senza-zuccheri-da-500ml
sangaria-grape-ramune-soda-soda-alluva-da-500ml,"€3,49",0.00,/collections/snack-americani/products/sangaria-grape-ramune-soda-soda-alluva-da-500ml
heinz-beanz-curry-fagioli-al-curry-da-390g,"€3,29",0.00,/collections/snack-americani/products/heinz-beanz-curry-fagioli-al-curry-da-390g
pop-tarts-frosted-froot-loops-biscotti-alla-frutta-384g,"€6,49",0.00,/collections/snack-americani/products/pop-tarts-frosted-froot-loops-biscotti-alla-frutta-384g
mountain-dew,"€1,49",5.00,/collections/snack-americani/products/mountain-dew
dragonball-super-toppo-iced-tea-alla-pesca-da-500ml,"€4,29",0.00,/collections/snack-americani/products/dragonball-super-toppo-iced-tea-alla-pesca-da-500ml
dragonball-z-majin-buu-iced-tea-alla-pesca-da-500ml,"€4,29",0.00,/collections/snack-americani/products/dragonball-z-majin-buu-iced-tea-alla-pesca-da-500ml
7-up-mojito-bevanda-analcolica-al-gusto-di-mojito-da-330-ml,"€1,49",5.00,/collections/snack-americani/products/7-up-mojito-bevanda-analcolica-al-gusto-di-mojito-da-330-ml
hersheys-milk-chocolate-santas-6-barrette-di-babbo-natale-al-cioccolato-da-204g,"€12,99",0.00,/collections/snack-americani/products/hersheys-milk-chocolate-santas-6-barrette-di-babbo-natale-al-cioccolato-da-204g
aunt-jemima-pearl-milling-company-complete-preparato-per-pancake-da-453g,"€7,99",0.00,/collections/snack-americani/products/aunt-jemima-pearl-milling-company-complete-preparato-per-pancake-da-453g
one-piece-brook-iced-tea-al-gusto-di-frutti-rossi-da-500ml,"€4,29",0.00,/collections/snack-americani/products/one-piece-brook-iced-tea-al-gusto-di-frutti-rossi-da-500ml
one-piece-franky-iced-tea-al-gusto-di-frutti-rossi-da-500ml,"€4,29",0.00,/collections/snack-americani/products/one-piece-franky-iced-tea-al-gusto-di-frutti-rossi-da-500ml
fanta-italia-33cl,"€0,79",0.00,/collections/snack-americani/products/fanta-italia-33cl
mrs-freshleys-dreamies-due-merendine-al-pan-di-spagna-ripiene-alla-crema-da-79g,"€1,99",0.00,/collections/snack-americani/products/mrs-freshleys-dreamies-due-merendine-al-pan-di-spagna-ripiene-alla-crema-da-79g
one-piece-usopp-iced-tea-al-gusto-di-frutti-rossi-da-500ml,"€4,29",0.00,/collections/snack-americani/products/one-piece-usopp-iced-tea-al-gusto-di-frutti-rossi-da-500ml
tootsie-pops-wild-berry-singolo,"€0,49",5.00,/collections/snack-americani/products/tootsie-pops-wild-berry-singolo
hostess-ding-dong-2-pack-2-brownies-al-cioccolato-e-crema-alla-vaniglia,"€3,49",5.00,/collections/snack-americani/products/hostess-ding-dong-2-pack-2-brownies-al-cioccolato-e-crema-alla-vaniglia
caramel-apple-pop-lecca-lecca-al-gusto-di-mela-caramellata-da-17-7g,"€0,49",5.00,/collections/snack-americani/products/caramel-apple-pop-lecca-lecca-al-gusto-di-mela-caramellata-da-17-7g
airheads-orange,"€0,49",4.70,/collections/snack-americani/products/airheads-orange
kool-aid-pineapple,"€0,99",5.00,/collections/snack-americani/products/kool-aid-pineapple
cadbury-dairy-milk-fruit-nut-barretta-di-cioccolato-con-uva-passa-e-mandorle-da-49g,"€1,79",0.00,/collections/snack-americani/products/cadbury-dairy-milk-fruit-nut-barretta-di-cioccolato-con-uva-passa-e-mandorle-da-49g
sour-apple-blow-pop-lecca-lecca-aspro-alla-mela-da-18g,"€0,49",0.00,/collections/snack-americani/products/sour-apple-blow-pop-lecca-lecca-aspro-alla-mela-da-18g
cadbury-snack-shortcake-barretta-di-cioccolato-al-latte-da-40g,"€1,49",0.00,/collections/snack-americani/products/cadbury-snack-shortcake-barretta-di-cioccolato-al-latte-da-40g
kool-aid-lemonade,"€0,99",0.00,/collections/snack-americani/products/kool-aid-lemonade
tootsie-pops-singolo,"€0,49",5.00,/collections/snack-americani/products/tootsie-pops-singolo
pot-noodle-original-curry-noodle-al-curry-con-salsa-al-mango-da-90g-1,"€3,29",0.00,/collections/snack-americani/products/pot-noodle-original-curry-noodle-al-curry-con-salsa-al-mango-da-90g-1
one-piece-nami-iced-tea-al-gusto-di-frutti-rossi-da-500ml,"€4,29",0.00,/collections/snack-americani/products/one-piece-nami-iced-tea-al-gusto-di-frutti-rossi-da-500ml
cadbury-twirl-barretta-di-cioccolato-al-latte-da-43g,"€1,79",0.00,/collections/snack-americani/products/cadbury-twirl-barretta-di-cioccolato-al-latte-da-43g
airheads-strawberry,"€0,49",5.00,/collections/snack-americani/products/airheads-strawberry
demets-turtles-barretta-di-cioccolato-ripiena-al-caramello-da-50g,"€3,49",0.00,/collections/snack-americani/products/demets-turtles-barretta-di-cioccolato-ripiena-al-caramello-da-50g
cow-tales-chocolate,"€0,99",5.00,/collections/snack-americani/products/cow-tales-chocolate
dragonball-super-vegeto-iced-tea-alla-pesca-da-500ml,"€4,29",0.00,/collections/snack-americani/products/dragonball-super-vegeto-iced-tea-alla-pesca-da-500ml
kool-aid-mango,"€0,99",0.00,/collections/snack-americani/products/kool-aid-mango
dragonball-super-broly-iced-tea-alla-pesca-da-500ml,"€4,29",0.00,/collections/snack-americani/products/dragonball-super-broly-iced-tea-alla-pesca-da-500ml
hubba-bubba-bubble-gum-tape,"€2,49",4.85,/collections/snack-americani/products/hubba-bubba-bubble-gum-tape
maple-3-bevanda-al-gustoo-di-sciroppo-dacero-da-355ml,"€3,49",0.00,/collections/snack-americani/products/maple-3-bevanda-al-gustoo-di-sciroppo-dacero-da-355ml
cadbury-dairy-milk-little-bar-barretta-di-cioccolato-al-latte-da-18g,"€0,99",0.00,/collections/snack-americani/products/cadbury-dairy-milk-little-bar-barretta-di-cioccolato-al-latte-da-18g
starburst-very-berry-caramelle-al-mirtillo-da-45g,"€1,29",0.00,/collections/snack-americani/products/starburst-very-berry-caramelle-al-mirtillo-da-45g
cadbury-dairy-milk-barretta-di-cioccolato-da-45g,"€1,79",0.00,/collections/snack-americani/products/cadbury-dairy-milk-barretta-di-cioccolato-da-45g
kool-aid-strawberry,"€0,99",5.00,/collections/snack-americani/products/kool-aid-strawberry
now-later-splits-lemonade-blue-raspberry-caramelle-al-lime-e-mirtillo-da-26g,"€0,99",0.00,/collections/snack-americani/products/now-later-splits-lemonade-blue-raspberry-caramelle-al-lime-e-mirtillo-da-26g
charms-sweet-pop-caramella-alla-frutta-da-18g,"€0,49",0.00,/collections/snack-americani/products/charms-sweet-pop-caramella-alla-frutta-da-18g
isadora-frijoles-refritos-bayos-vellutata-di-fagioli-da-430g,"€3,99",0.00,/collections/snack-americani/products/isadora-frijoles-refritos-bayos-vellutata-di-fagioli-da-430g
cadbury-dairy-milk-less-sugar-barretta-di-cioccolato-al-latte-con-pochi-zuccheri-da-35g,"€1,89",0.00,/collections/snack-americani/products/cadbury-dairy-milk-less-sugar-barretta-di-cioccolato-al-latte-con-pochi-zuccheri-da-35g
kool-aid-black-cherry,"€0,99",0.00,/collections/snack-americani/products/kool-aid-black-cherry
candy-cane-rocket-ice-lolly-bevanda-al-gusto-di-arancia-ananas-e-lampone-da-330-ml,"€1,79",0.00,/collections/snack-americani/products/candy-cane-rocket-ice-lolly-bevanda-al-gusto-di-arancia-ananas-e-lampone-da-330-ml
van-holtens-big-papa-dill-cetriolo-in-sottaceto,"€2,99",0.00,/collections/snack-americani/products/van-holtens-big-papa-dill-cetriolo-in-sottaceto
airheads-green-apple,"€0,49",4.71,/collections/snack-americani/products/airheads-green-apple
blue-razz-berry-blow-pop-lecca-lecca-al-mirtillo-da-18-4g,"€0,49",0.00,/collections/snack-americani/products/blue-razz-berry-blow-pop-lecca-lecca-al-mirtillo-da-18-4g
charms-cherry-ice-blow-pop-lecca-lecca-al-gusto-di-gelato-alla-ciliegia-da-18g,"€0,49",5.00,/collections/snack-americani/products/charms-cherry-ice-blow-pop-lecca-lecca-al-gusto-di-gelato-alla-ciliegia-da-18g
kool-aid-lemon-lime,"€0,99",0.00,/collections/snack-americani/products/kool-aid-lemon-lime
starburst-original-bursting-with-fruit-juice,"€1,49",0.00,/collections/snack-americani/products/starburst-original-bursting-with-fruit-juice
3-musketeers,"€1,89",0.00,/collections/snack-americani/products/3-musketeers
black-cherry-blow-pop-lecca-lecca-al-gusto-di-amarena-da-18g,"€0,49",5.00,/collections/snack-americani/products/black-cherry-blow-pop-lecca-lecca-al-gusto-di-amarena-da-18g
costa-coffee-vanilla-latte-bevanda-al-latte-caffe-e-vaniglia-da-250ml,"€4,99",0.00,/collections/snack-americani/products/costa-coffee-vanilla-latte-bevanda-al-latte-caffe-e-vaniglia-da-250ml
betty-crocker-tempting-chocolate-icing-cremoso-frosting-al-cioccolato-fondente-da-400g,"€4,49",0.00,/collections/snack-americani/products/betty-crocker-tempting-chocolate-icing-cremoso-frosting-al-cioccolato-fondente-da-400g
costa-coffee-latte-bevanda-al-latte-e-caffe-da-250ml,"€4,99",0.00,/collections/snack-americani/products/costa-coffee-latte-bevanda-al-latte-e-caffe-da-250ml
now-later-strawberry-kiwi-caramelle-all-fragola-e-kiwi-da-26g,"€0,99",0.00,/collections/snack-americani/products/now-later-strawberry-kiwi-caramelle-all-fragola-e-kiwi-da-26g
ocean-spray-cranberry-smooth-sauce,"€3,99",0.00,/collections/snack-americani/products/ocean-spray-cranberry-smooth-sauce
one-piece-zoro-iced-tea-al-gusto-di-frutti-rossi-da-500ml,"€4,29",0.00,/collections/snack-americani/products/one-piece-zoro-iced-tea-al-gusto-di-frutti-rossi-da-500ml
airheads-blue-raspberry,"€0,49",4.33,/collections/snack-americani/products/airheads-blue-raspberry
cheeriosoat-limited-edition-large-size-cereali-integrali-d-340g,"€9,99",0.00,/collections/snack-americani/products/cheeriosoat-limited-edition-large-size-cereali-integrali-d-340g
vlasic-dill-kosher-stackers-cetrioli-sottaceto-da-473ml,"€8,49",0.00,/collections/snack-americani/products/vlasic-dill-kosher-stackers-cetrioli-sottaceto-da-473ml
jolly-rancher-strawberry-amp-green-apple,"€1,99",0.00,/collections/snack-americani/products/jolly-rancher-strawberry-amp-green-apple
nestle-coffee-mate-french-vanilla-miscela-in-polvere-al-gusto-vaniglia-da-425-2g,"€10,99",0.00,/collections/snack-americani/products/nestle-coffee-mate-french-vanilla-miscela-in-polvere-al-gusto-vaniglia-da-425-2g
jumex-strawberry-banana-bevanda-al-gusto-di-fragola-e-banana-da-355ml,"€1,69",0.00,/collections/snack-americani/products/jumex-strawberry-banana-bevanda-al-gusto-di-fragola-e-banana-da-355ml
hostess-ho-hos-3-pack-girelle-alla-crema-e-cioccolato-nel-formato-da-85g,"€4,29",0.00,/collections/snack-americani/products/hostess-ho-hos-3-pack-girelle-alla-crema-e-cioccolato-nel-formato-da-85g
dragonball-z-goku-iced-tea-alla-pesca-da-500ml,"€4,29",0.00,/collections/snack-americani/products/dragonball-z-goku-iced-tea-alla-pesca-da-500ml
shaken-bake-original-pork-pangrattato-per-panature-da-141g,"€4,99",0.00,/collections/snack-americani/products/shaken-bake-original-pork-pangrattato-per-panature-da-141g
nestle-hot-cocoa-classic-rich-milk-chocolate-preparato-per-cioccolata-calda-al-latte-da-121-2g,"€2,49",0.00,/collections/snack-americani/products/nestle-hot-cocoa-classic-rich-milk-chocolate-preparato-per-cioccolata-calda-al-latte-da-121-2g
hot-tamales-fierce-cinnamon-caramelle-piccanti-alla-cannella-da-22g,"€0,59",5.00,/collections/snack-americani/products/hot-tamales-fierce-cinnamon-caramelle-piccanti-alla-cannella-da-22g
3x-new-heroes-cookiesncream,"€14,97",5.00,/collections/snack-americani/products/3x-new-heroes-cookiesncream
francks-red-hot-wings-souce-hot-buffalo-salsa-piccante-al-gusto-di-alette-di-pollo-da-354ml,"€8,99",0.00,/collections/snack-americani/products/francks-red-hot-wings-souce-hot-buffalo-salsa-piccante-al-gusto-di-alette-di-pollo-da-354ml
meiji-chocolate-yan-yan-bastoncini-ricoperti-di-crema-al-cioccolato-da-50g,"€2,49",0.00,/collections/snack-americani/products/meiji-chocolate-yan-yan-bastoncini-ricoperti-di-crema-al-cioccolato-da-50g
hello-panda-matcha-biscotti-con-crema-al-matcha-da-50g,"€2,49",5.00,/collections/snack-americani/products/hello-panda-matcha-biscotti-con-crema-al-matcha-da-50g
capri-sun-blackcurrant-succo-di-frutta-alluva-e-pera-da-330ml,"€1,69",0.00,/collections/snack-americani/products/capri-sun-blackcurrant-succo-di-frutta-alluva-e-pera-da-330ml
betty-crocker-zesty-lemon-icing-cremoso-frosting-al-limone-per-dolci-da-400g,"€4,49",5.00,/collections/snack-americani/products/betty-crocker-zesty-lemon-icing-cremoso-frosting-al-limone-per-dolci-da-400g
snickers-creamy-peanut-butter-cioccolato-ripieno-di-burro-darachidi-da-39-7g,"€1,99",4.00,/collections/snack-americani/products/snickers-creamy-peanut-butter-cioccolato-ripieno-di-burro-darachidi-da-39-7g
bubblicious-watermelon,"€1,39",5.00,/collections/snack-americani/products/bubblicious-watermelon
kit-kat-mini-white-chocolate-mini-wafer-ricoperto-da-cioccolato-bianco-da-124g,"€8,99",0.00,/collections/snack-americani/products/kit-kat-mini-white-chocolate-mini-wafer-ricoperto-da-cioccolato-bianco-da-124g
3-lattine-mountain-dew,"
        €3,99
      ",5.00,/collections/snack-americani/products/3-lattine-mountain-dew
meiji-double-cream-chocolate-strawberry-yan-yan-bastoncini-con-crema-al-cioccolato-e-alla-fragola-da-44g,"€2,49",0.00,/collections/snack-americani/products/meiji-double-cream-chocolate-strawberry-yan-yan-bastoncini-con-crema-al-cioccolato-e-alla-fragola-da-44g
cadbury-twirl-orange-barretta-di-cioccolato-allarancia-da-43g,"€1,79",0.00,/collections/snack-americani/products/cadbury-twirl-orange-barretta-di-cioccolato-allarancia-da-43g
airheads-grape,"€0,49",5.00,/collections/snack-americani/products/airheads-grape
bang-lemon-drop-energy-drink-al-limone-da-500ml,"€3,49",0.00,/collections/snack-americani/products/bang-lemon-drop-energy-drink-al-limone-da-500ml
oreo-double-creme-biscotto-ripieno-di-doppia-crema-alla-vaniglia-da-157g,"€3,49",0.00,/collections/snack-americani/products/oreo-double-creme-biscotto-ripieno-di-doppia-crema-alla-vaniglia-da-157g
cadbury-moist-chocolate-cake-mix-preparato-per-torte-al-cioccolato-da-400g,"€5,49",5.00,/collections/snack-americani/products/cadbury-moist-chocolate-cake-mix-preparato-per-torte-al-cioccolato-da-400g
betty-crocker-coffe-icing-cremoso-frosting-al-caffe-da-400g,"€6,99",5.00,/collections/snack-americani/products/betty-crocker-coffe-icing-cremoso-frosting-al-caffe-da-400g
big-hunk,"€1,99",5.00,/collections/snack-americani/products/big-hunk
cadbury-chocolate-icing-topping-per-torte-al-cioccolato-da-400g,"€5,49",0.00,/collections/snack-americani/products/cadbury-chocolate-icing-topping-per-torte-al-cioccolato-da-400g
dragonball-super-goku-iced-tea-alla-pesca-da-500ml,"€4,29",0.00,/collections/snack-americani/products/dragonball-super-goku-iced-tea-alla-pesca-da-500ml
betty-crocker-velvety-vanilla-cake-mix,"€4,89",0.00,/collections/snack-americani/products/betty-crocker-velvety-vanilla-cake-mix
cadbury-picnic-barretta-di-cioccolato-con-caramello-arachidi-cereali-e-uvetta-da-48g,"€1,79",0.00,/collections/snack-americani/products/cadbury-picnic-barretta-di-cioccolato-con-caramello-arachidi-cereali-e-uvetta-da-48g
now-later-blue-raspberry-caramelle-ai-mirtilli-da-26g,"€0,99",0.00,/collections/snack-americani/products/now-later-blue-raspberry-caramelle-ai-mirtilli-da-26g
dr-pepper-in-bottiglia-bevanda-alla-frutta-da-500ml,"€2,99",4.00,/collections/snack-americani/products/dr-pepper-in-bottiglia-bevanda-alla-frutta-da-500ml
laffy-taffy-rope-banana,"€0,99",3.88,/collections/snack-americani/products/laffy-taffy-rope-banana
meiji-hazelnut-yan-yan-bastoncini-ricoperti-di-crema-alle-nocciole-da-50g,"€2,49",0.00,/collections/snack-americani/products/meiji-hazelnut-yan-yan-bastoncini-ricoperti-di-crema-alle-nocciole-da-50g
heinz-sweet-relish-squeeze-confezione-di-condimento-al-cetriolo-dolce-da-375ml,"€6,99",0.00,/collections/snack-americani/products/heinz-sweet-relish-squeeze-confezione-di-condimento-al-cetriolo-dolce-da-375ml
6x-patriots-nachos-bbq-nachos-al-bbq-da-50g,"€7,74",0.00,/collections/snack-americani/products/6x-patriots-nachos-bbq-nachos-al-bbq-da-50g
goldfish-pretzel-pretzel-da-227g,"€3,99",5.00,/collections/snack-americani/products/goldfish-pretzel-pretzel-da-227g
one-piece-luffy-iced-tea-al-gusto-di-frutti-rossi-da-500ml,"€4,29",0.00,/collections/snack-americani/products/one-piece-luffy-iced-tea-al-gusto-di-frutti-rossi-da-500ml
now-later-pink-lemonade-caramelle-alla-limonata-rosa-d-26g,"€0,99",0.00,/collections/snack-americani/products/now-later-pink-lemonade-caramelle-alla-limonata-rosa-d-26g
ocean-spray-cranberry-sauce,"€3,99",5.00,/collections/snack-americani/products/ocean-spray-cranberry-sauce
betty-crocker-cake-devils-preparato-per-torte-al-cioccolato-da-425g,"€4,49",5.00,/collections/snack-americani/products/betty-crocker-cake-devils-preparato-per-torte-al-cioccolato-da-425g
flipz-cookies-cream-coated-pretzel-pretzel-rivestiti-da-cioccolato-cookies-creme-da-90g,"€2,99",0.00,/collections/snack-americani/products/flipz-cookies-cream-coated-pretzel-pretzel-rivestiti-da-cioccolato-cookies-creme-da-90g
cadbury-milk-winter-gingerbread-barretta-al-cioccolato-con-pezzi-di-pan-di-zenzero-da-120g,"€2,49",0.00,/collections/snack-americani/products/cadbury-milk-winter-gingerbread-barretta-al-cioccolato-con-pezzi-di-pan-di-zenzero-da-120g
jell-o-oreo-cookiesn-creme,"€3,49",4.50,/collections/snack-americani/products/jell-o-oreo-cookiesn-creme
meiji-vanilla-yan-yan-bastoncini-ricoperti-di-crema-alla-vaniglia-da-50g,"€2,49",5.00,/collections/snack-americani/products/meiji-vanilla-yan-yan-bastoncini-ricoperti-di-crema-alla-vaniglia-da-50g
pot-noodle-fusion-katsu-curry-noodle-al-curry-piccante-con-salsa-al-mango-da-100g,"€4,29",0.00,/collections/snack-americani/products/pot-noodle-fusion-katsu-curry-noodle-al-curry-piccante-con-salsa-al-mango-da-100g
cadbury-warm-chocolate-brownie-mix-preparato-in-polvere-per-brownie-da-350g,"€5,49",0.00,/collections/snack-americani/products/cadbury-warm-chocolate-brownie-mix-preparato-in-polvere-per-brownie-da-350g
kool-aid-peach-mango,"€0,99",5.00,/collections/snack-americani/products/kool-aid-peach-mango
kool-aid-pink-lemonade,"€0,99",5.00,/collections/snack-americani/products/kool-aid-pink-lemonade
betty-crocker-chocolate-fudge-icing,"€4,49",5.00,/collections/snack-americani/products/betty-crocker-chocolate-fudge-icing
bang-bangster-berry-energy-drink-al-mirtillo-da-500ml,"€3,49",0.00,/collections/snack-americani/products/bang-bangster-berry-energy-drink-al-mirtillo-da-500ml
ocean-bomn-future-trunks-white-bevanda-alluva-bianca-da-330ml,"€3,99",0.00,/collections/snack-americani/products/ocean-bomn-future-trunks-white-bevanda-alluva-bianca-da-330ml
cadbury-dairy-milk-wholenut-barretta-di-cioccolato-con-nocciole-da-45g,"€1,79",0.00,/collections/snack-americani/products/cadbury-dairy-milk-wholenut-barretta-di-cioccolato-con-nocciole-da-45g
wonka-nerds-rainbow-caramelle-alla-frutta-da-26g,"€1,49",0.00,/collections/snack-americani/products/wonka-nerds-rainbow-caramelle-alla-frutta-da-26g
7-up-cherry-bevanda-alla-ciliegia-da-330ml,"€1,49",2.00,/collections/snack-americani/products/7-up-cherry-bevanda-alla-ciliegia-da-330ml
reeses-gigantic-cups,"€25,00",0.00,/collections/snack-americani/products/reeses-gigantic-cups
fanta-melon-soda-bevanda-al-melone-da-355ml,"€3,99",0.00,/collections/snack-americani/products/fanta-melon-soda-bevanda-al-melone-da-355ml
pot-noodle-thai-green-curry-noodle-piccanti-al-curry-con-salsa-al-cocco-e-citronella-da-117g,"€4,29",0.00,/collections/snack-americani/products/pot-noodle-thai-green-curry-noodle-piccanti-al-curry-con-salsa-al-cocco-e-citronella-da-117g
3x-new-heroes-peanut-butter-creamy-burro-darachidi-da-250g,"€10,47",3.00,/collections/snack-americani/products/3x-new-heroes-peanut-butter-creamy-burro-darachidi-da-250g
wonka-nerd-rope-very-berry-caramella-al-gusto-di-bacche-selvatiche-da-26g,"€1,49",0.00,/collections/snack-americani/products/wonka-nerd-rope-very-berry-caramella-al-gusto-di-bacche-selvatiche-da-26g
cadbury-flake-barretta-di-cioccolato-al-latte-da-32g,"€1,29",0.00,/collections/snack-americani/products/cadbury-flake-barretta-di-cioccolato-al-latte-da-32g
flipz-milk-chocolate-pretzel-ricoperti-di-cioccolato-da-37g,"€1,49",5.00,/collections/snack-americani/products/flipz-milk-chocolate-pretzel-ricoperti-di-cioccolato-da-37g
pot-noodle-original-curry-noodle-al-curry-con-salsa-al-mango-da-90g,"€3,49",0.00,/collections/snack-americani/products/pot-noodle-original-curry-noodle-al-curry-con-salsa-al-mango-da-90g
dr-pepper-zero,"€2,99",4.00,/collections/snack-americani/products/dr-pepper-zero
costa-coffee-caramel-latte-bevanda-al-latte-caffe-e-caramello-da-250ml,"€4,99",0.00,/collections/snack-americani/products/costa-coffee-caramel-latte-bevanda-al-latte-caffe-e-caramello-da-250ml
big-league-blue-raspberry,"€2,49",5.00,/collections/snack-americani/products/big-league-blue-raspberry
reeses-milk-chocolate-peanut-butter-giant-barretta-di-cioccolato-ripiena-di-burro-darachidi-da-192g,"€6,29",0.00,/collections/snack-americani/products/reeses-milk-chocolate-peanut-butter-giant-barretta-di-cioccolato-ripiena-di-burro-darachidi-da-192g
pot-noodle-bombay-bad-boy-noodle-al-curry-con-salsa-piccante-da-114g,"€3,29",3.00,/collections/snack-americani/products/pot-noodle-bombay-bad-boy-noodle-al-curry-con-salsa-piccante-da-114g
texas-pete-original-hot-sauce-salsa-piccante-da-355ml,"€6,49",3.00,/collections/snack-americani/products/texas-pete-original-hot-sauce-salsa-piccante-da-355ml
cadbury-squidgy-chocolate-cookie-mix-preparato-per-cookie-da-265g,"€5,49",0.00,/collections/snack-americani/products/cadbury-squidgy-chocolate-cookie-mix-preparato-per-cookie-da-265g
hawaiian-punch-cotton-candy-zucchero-filato-al-gusto-di-frutti-rossi-da-88g,"€4,99",0.00,/collections/snack-americani/products/hawaiian-punch-cotton-candy-zucchero-filato-al-gusto-di-frutti-rossi-da-88g
candy-can-cotton-candy-zero-sugar-bevanda-al-gusto-di-zucchero-fillato-330ml,"€1,79",0.00,/collections/snack-americani/products/candy-can-cotton-candy-zero-sugar-bevanda-al-gusto-di-zucchero-fillato-330ml
skittles-tropical-mini-bag-confetti-alla-frutta-da-45g,"€1,49",5.00,/collections/snack-americani/products/skittles-tropical-mini-bag-confetti-alla-frutta-da-45g
3x-new-heroes-peanut-butter-crunchy,"€10,47",0.00,/collections/snack-americani/products/3x-new-heroes-peanut-butter-crunchy
old-el-paso-guacamole-sazonador-mix-di-spezie-per-guacamole-da-20g,"€1,99",5.00,/collections/snack-americani/products/old-el-paso-guacamole-sazonador-mix-di-spezie-per-guacamole-da-20g
hersheys-white-creme-with-almonds-barretta-di-cioccolato-bianco-con-mandorle-da-41g,"€1,99",5.00,/collections/snack-americani/products/hersheys-white-creme-with-almonds-barretta-di-cioccolato-bianco-con-mandorle-da-41g
sweet-baby-rays-hickory-brown-sugar-barbecue-souce-salsa-barbecue-alla-cannella-da-510g,"€5,99",5.00,/collections/snack-americani/products/sweet-baby-rays-hickory-brown-sugar-barbecue-souce-salsa-barbecue-alla-cannella-da-510g
6x-patriots-nachos-classic-nachos-classici-da-60g,"€7,74",0.00,/collections/snack-americani/products/6x-patriots-nachos-classic-nachos-classici-da-60g
heinz-beanz-barbecue-fagioli-al-barbecue-da-390g,"€2,99",5.00,/collections/snack-americani/products/heinz-beanz-barbecue-fagioli-al-barbecue-da-390g
old-el-paso-fajita-sazonador-mix-di-spezie-per-carne-da-30g,"€1,99",4.50,/collections/snack-americani/products/old-el-paso-fajita-sazonador-mix-di-spezie-per-carne-da-30g
hersheys-kisses,"€1,79",4.37,/collections/snack-americani/products/hersheys-kisses
jelly-belly-american-classic-caramelle-alla-frutta-da-70g,"€3,49",0.00,/collections/snack-americani/products/jelly-belly-american-classic-caramelle-alla-frutta-da-70g
arizona-green-tea-low-calorie-te-verde-da-330ml,"€1,99",5.00,/collections/snack-americani/products/arizona-green-tea-low-calorie-te-verde-da-330ml
betty-crocker-vanilla-buttercream-icing,"€4,49",5.00,/collections/snack-americani/products/betty-crocker-vanilla-buttercream-icing
arizona-green-tea-with-honey-the-verde-al-miele-da-500ml,"€2,49",0.00,/collections/snack-americani/products/arizona-green-tea-with-honey-the-verde-al-miele-da-500ml
jelly-belly-bubble-gum-caramelle-alla-frutta-da-70g,"€3,49",0.00,/collections/snack-americani/products/jelly-belly-bubble-gum-caramelle-alla-frutta-da-70g
kit-kat-mini-strawberry-wafer-ricoperto-di-crema-alla-fragola-da-136g,"€7,99",4.00,/collections/snack-americani/products/kit-kat-mini-strawberry-wafer-ricoperto-di-crema-alla-fragola-da-136g
candy-cane-birthday-cake-bevanda-al-gusto-di-fragola-e-vaniglia-da-330ml,"€1,79",5.00,/collections/snack-americani/products/candy-cane-birthday-cake-bevanda-al-gusto-di-fragola-e-vaniglia-da-330ml
flipz-white-fudge-coated-pretzel-pretzel-rivestiti-di-cioccolato-bianco-da-90g,"€2,99",0.00,/collections/snack-americani/products/flipz-white-fudge-coated-pretzel-pretzel-rivestiti-di-cioccolato-bianco-da-90g
tortillas-old-el-paso-standn-stuff-8-tortillas-messicane-da-193g,"€5,49",0.00,/collections/snack-americani/products/tortillas-old-el-paso-standn-stuff-8-tortillas-messicane-da-193g
bang-pina-colada-energy-drink-al-gusto-di-pina-colada-da-500ml,"€3,49",0.00,/collections/snack-americani/products/bang-pina-colada-energy-drink-al-gusto-di-pina-colada-da-500ml
pot-noodle-sweet-sour-noodle-agrodolci-con-salsa-agrodolce-da-90g,"€3,49",0.00,/collections/snack-americani/products/pot-noodle-sweet-sour-noodle-agrodolci-con-salsa-agrodolce-da-90g
chupa-chups-strawberry-bevanda-alla-fragola-da-345ml,"€1,99",0.00,/collections/snack-americani/products/chupa-chups-strawberry-bevanda-alla-fragola-da-345ml
jelly-belly-strawberry-cheescake-caramelle-al-gusto-di-cheescake-alla-fragola-da-70g,"€3,49",4.00,/collections/snack-americani/products/jelly-belly-strawberry-cheescake-caramelle-al-gusto-di-cheescake-alla-fragola-da-70g
big-league-gum-original,"€2,49",5.00,/collections/snack-americani/products/big-league-gum-original
arizona-iced-tea-lemon-te-nero-al-limone-da-500ml,"€2,49",0.00,/collections/snack-americani/products/arizona-iced-tea-lemon-te-nero-al-limone-da-500ml
cadbury-dairy-milk-caramel-barretta-al-caramello-e-cioccolato-al-latte-da-45g,"€1,79",0.00,/collections/snack-americani/products/cadbury-dairy-milk-caramel-barretta-al-caramello-e-cioccolato-al-latte-da-45g
goldfish-grahams-smores-biscotti-al-cioccolato-e-marshmallow-da-187g,"€3,99",0.00,/collections/snack-americani/products/goldfish-grahams-smores-biscotti-al-cioccolato-e-marshmallow-da-187g
nestle-coffe-mate-coffee-creamer-creamy-chocolate-miscela-in-polvere-al-caffe-e-cioccolato-da-425-2g,"€7,49",0.00,/collections/snack-americani/products/nestle-coffe-mate-coffee-creamer-creamy-chocolate-miscela-in-polvere-al-caffe-e-cioccolato-da-425-2g
kit-kat-mini-macha-wafer-ricoperto-da-cioccolato-bianco-al-gusto-di-the-verde-da147g,"€6,99",0.00,/collections/snack-americani/products/kit-kat-mini-macha-wafer-ricoperto-da-cioccolato-bianco-al-gusto-di-the-verde-da147g
kraft-macaroni-cheese-gluten-free-pasta-al-formaggio-senza-glutine-da-170g,"€7,49",0.00,/collections/snack-americani/products/kraft-macaroni-cheese-gluten-free-pasta-al-formaggio-senza-glutine-da-170g
mallo-cup-dark-chocolate,"€1,99",4.83,/collections/snack-americani/products/mallo-cup-dark-chocolate
reeses-sticks,"€1,79",4.70,/collections/snack-americani/products/reeses-sticks
skittles-wild-berry-mini-bag-confetti-alla-frutta-da-45g,"€1,49",5.00,/collections/snack-americani/products/skittles-wild-berry-mini-bag-confetti-alla-frutta-da-45g
laffy-taffy-grape,"€0,99",4.40,/collections/snack-americani/products/laffy-taffy-grape
3x-patriots-nachos-bbq,"€3,87",0.00,/collections/snack-americani/products/3x-patriots-nachos-bbq
nestle-coffee-mate-hazelnut-miscela-in-polvere-alla-nocciola-da-425-2g,"€10,99",4.50,/collections/snack-americani/products/nestle-coffee-mate-hazelnut-miscela-in-polvere-alla-nocciola-da-425-2g
pop-tarts-frosted-cinnamon,"€6,49",4.67,/collections/snack-americani/products/pop-tarts-frosted-cinnamon
fanta-grape-zero-bevanda-alluva-da-500ml,"€2,99",5.00,/collections/snack-americani/products/fanta-grape-zero-bevanda-alluva-da-500ml
hello-panda-chocolate-biscotti-a-forma-di-panda-con-crema-al-cioccolato-da-50g,"€4,99",4.50,/collections/snack-americani/products/hello-panda-chocolate-biscotti-a-forma-di-panda-con-crema-al-cioccolato-da-50g
salsa-dip-suave-old-el-paso-salsa-piccante-con-verdure-da-320g,"€3,29",5.00,/collections/snack-americani/products/salsa-dip-suave-old-el-paso-salsa-piccante-con-verdure-da-320g
patriots-nachos-classic-nacho-classici-da-60g,"€1,29",5.00,/collections/snack-americani/products/patriots-nachos-classic-nacho-classici-da-60g
hello-panda-milk-flavored-biscotti-a-forma-di-panda-ripieni-di-crema-al-latte-da-50g,"€4,99",5.00,/collections/snack-americani/products/hello-panda-milk-flavored-biscotti-a-forma-di-panda-ripieni-di-crema-al-latte-da-50g
hello-panda-coconut-biscotti-a-forma-di-panda-ripieni-di-crema-al-cocco-da-50g,"€4,99",4.00,/collections/snack-americani/products/hello-panda-coconut-biscotti-a-forma-di-panda-ripieni-di-crema-al-cocco-da-50g
tortillas-mexicanas-old-el-paso-gluten-free-6-tortillas-senza-glutine-da-216g,"€6,99",0.00,/collections/snack-americani/products/tortillas-mexicanas-old-el-paso-gluten-free-6-tortillas-senza-glutine-da-216g
hello-panda-double-chocolate-biscotti-a-forma-di-panda-ripieni-di-crema-al-doppio-cioccolato-da-50g,"€4,99",5.00,/collections/snack-americani/products/hello-panda-double-chocolate-biscotti-a-forma-di-panda-ripieni-di-crema-al-doppio-cioccolato-da-50g
rocky-road-sea-salt-barretta-di-marshmallow-al-cioccolato-fondete-rivestito-di-sale-e-anacardi-da-51g,"€1,99",5.00,/collections/snack-americani/products/rocky-road-sea-salt-barretta-di-marshmallow-al-cioccolato-fondete-rivestito-di-sale-e-anacardi-da-51g
frenchs-classic-american-yellow-mustard,"€3,49",5.00,/collections/snack-americani/products/frenchs-classic-american-yellow-mustard
pepsi-refresh-shot-bevanda-energetica-da-200ml,"€3,49",0.00,/collections/snack-americani/products/pepsi-refresh-shot-bevanda-energetica-da-200ml
arizona-green-tea-pomegranate-te-verde-al-melograno-da-500ml,"€2,49",5.00,/collections/snack-americani/products/arizona-green-tea-pomegranate-te-verde-al-melograno-da-500ml
arizona-green-tea-peach-te-alla-pesca-da-500ml,"€2,49",0.00,/collections/snack-americani/products/arizona-green-tea-peach-te-alla-pesca-da-500ml
santa-reindeer-hot-chocolate-kit-tazze-di-babbo-natale-con-cioccolata-calda-e-marshmallows-da-180g,"€12,99",2.00,/collections/snack-americani/products/santa-reindeer-hot-chocolate-kit-tazze-di-babbo-natale-con-cioccolata-calda-e-marshmallows-da-180g
annabelles-abba-zaba,"€1,79",0.00,/collections/snack-americani/products/annabelles-abba-zaba
herrs-jalapeno-poppers,"€1,29",4.64,/collections/snack-americani/products/herrs-jalapeno-poppers
panna-acida-old-el-paso-panna-acida-da-230g,"€3,99",0.00,/collections/snack-americani/products/panna-acida-old-el-paso-panna-acida-da-230g
fanta-white-peach-bevanda-alla-pesca-da-300ml,"€4,49",0.00,/collections/snack-americani/products/fanta-white-peach-bevanda-alla-pesca-da-300ml
kit-kat-chunky-popcorn-barretta-di-cioccolato-ripiena-di-wafer-e-popcorn-da-42g,"€1,29",0.00,/collections/snack-americani/products/kit-kat-chunky-popcorn-barretta-di-cioccolato-ripiena-di-wafer-e-popcorn-da-42g
pop-tarts-frosted-hot-fudge-sundae,"€6,49",5.00,/collections/snack-americani/products/pop-tarts-frosted-hot-fudge-sundae
taco-salsa-hot-old-el-paso-salsa-al-pomodoro-piccante-da-235g,"€2,90",0.00,/collections/snack-americani/products/taco-salsa-hot-old-el-paso-salsa-al-pomodoro-piccante-da-235g
cadbury-milk-chocolate-spread,"
        €1,99
      ",5.00,/collections/snack-americani/products/cadbury-milk-chocolate-spread
twizzlers-strawberry,"€0,49",4.62,/collections/snack-americani/products/twizzlers-strawberry
heinz-baked-beanz-fagioli-in-salsa-di-pomodoro-da-415g,"€2,99",5.00,/collections/snack-americani/products/heinz-baked-beanz-fagioli-in-salsa-di-pomodoro-da-415g
laffy-taffy-sour-apple,"€0,99",4.57,/collections/snack-americani/products/laffy-taffy-sour-apple
jelly-belly-bean-boozled-roulette,"€12,49",0.00,/collections/snack-americani/products/jelly-belly-bean-boozled-roulette
kelloggs-rice-krispie-square-caramel-pretzel-barrette-di-riso-soffiato-con-pretzel-e-caramello-salato-da-136g,"€3,99",0.00,/collections/snack-americani/products/kelloggs-rice-krispie-square-caramel-pretzel-barrette-di-riso-soffiato-con-pretzel-e-caramello-salato-da-136g
pop-tarts-frosted-chocolatey-churro-biscotti-ripieni-di-crema-al-cioccolato-e-cannella-da-384g,"€7,99",5.00,/collections/snack-americani/products/pop-tarts-frosted-chocolatey-churro-biscotti-ripieni-di-crema-al-cioccolato-e-cannella-da-384g
arizona-mucho-mango-bevanda-al-mango-da-500-ml,"€2,49",0.00,/collections/snack-americani/products/arizona-mucho-mango-bevanda-al-mango-da-500-ml
boston-baked-beans-arachidi-tostate-caramellate-da-23g,"€0,99",5.00,/collections/snack-americani/products/boston-baked-beans-arachidi-tostate-caramellate-da-23g
snickers-almond,"€2,49",4.83,/collections/snack-americani/products/snickers-almond
cinnamon-toast-crunch-chocolate-cereali-alla-cannella-e-cioccolato-da-351g,"€8,49",0.00,/collections/snack-americani/products/cinnamon-toast-crunch-chocolate-cereali-alla-cannella-e-cioccolato-da-351g
hello-panda-strawberry-biscotti-a-forma-di-panda-ripieni-di-crema-alla-fragola-da-50g,"€4,99",5.00,/collections/snack-americani/products/hello-panda-strawberry-biscotti-a-forma-di-panda-ripieni-di-crema-alla-fragola-da-50g
andy-capps-hot-fries-24-grammi,"€0,99",4.33,/collections/snack-americani/products/andy-capps-hot-fries-24-grammi
pop-tarts-frosted-blueberry,"€6,49",5.00,/collections/snack-americani/products/pop-tarts-frosted-blueberry
betty-crocker-chocolate-fudge-brownie-mix,"€4,49",5.00,/collections/snack-americani/products/betty-crocker-chocolate-fudge-brownie-mix
jalapenos-old-el-paso-peperoncini-jalapenos-da-215g,"€2,99",0.00,/collections/snack-americani/products/jalapenos-old-el-paso-peperoncini-jalapenos-da-215g
betty-crocker-red-velvet-cake-mix,"€4,89",4.78,/collections/snack-americani/products/betty-crocker-red-velvet-cake-mix
tortillas-mexicanas-old-el-paso-trigo-8-tortillas-da-320g,"€3,99",4.67,/collections/snack-americani/products/tortillas-mexicanas-old-el-paso-trigo-8-tortillas-da-320g
pop-tarts-frosted-strawberry,"€6,49",5.00,/collections/snack-americani/products/pop-tarts-frosted-strawberry
6x-patriots-coated-peanut-bbq-arachidi-al-barbecue-da-30g,"€5,94",5.00,/collections/snack-americani/products/6x-patriots-coated-peanut-bbq-arachidi-al-barbecue-da-30g
hostess-hohos-confezione-da-10,"€7,79",5.00,/collections/snack-americani/products/hostess-hohos-confezione-da-10
pay-day-chocolatey-barretta-al-cioccolato-ripieno-darachidi-e-caramello-da-52g,"€2,49",0.00,/collections/snack-americani/products/pay-day-chocolatey-barretta-al-cioccolato-ripieno-darachidi-e-caramello-da-52g
pepsi-max-raspberry-bevanda-al-mirtillo-da-500ml,"€1,49",4.00,/collections/snack-americani/products/pepsi-max-raspberry-bevanda-al-mirtillo-da-500ml
arizona-cowboy-cocktail-fruit-punch-the-al-fruit-punch-da-500ml,"€2,49",5.00,/collections/snack-americani/products/arizona-cowboy-cocktail-fruit-punch-the-al-fruit-punch-da-500ml
harry-potter-gift,"€10,00",4.50,/collections/snack-americani/products/harry-potter-gift
arizona-cowboy-cocktail-watermelon-the-verde-allanguria-da-500ml,"€2,49",5.00,/collections/snack-americani/products/arizona-cowboy-cocktail-watermelon-the-verde-allanguria-da-500ml
goldfish-vanilla-cupcake-biscotti-al-gusto-di-cupcake-alla-vaniglia-da-187g,"€3,99",5.00,/collections/snack-americani/products/goldfish-vanilla-cupcake-biscotti-al-gusto-di-cupcake-alla-vaniglia-da-187g
3-my-cousin,"
        €13,23
      ",5.00,/collections/snack-americani/products/3-my-cousin
warheads-chewy-cubes-caramelle-alla-frutta-aspre-da-22g,"€0,79",4.50,/collections/snack-americani/products/warheads-chewy-cubes-caramelle-alla-frutta-aspre-da-22g
hostess-ding-dongs-confezione-da-12,"€7,99",5.00,/collections/snack-americani/products/hostess-ding-dongs-confezione-da-12
goldifsh-crackers-parmesan-confezione-di-cracker-al-parmigiano-da-187g,"€3,99",4.71,/collections/snack-americani/products/goldifsh-crackers-parmesan-confezione-di-cracker-al-parmigiano-da-187g
wonka-nerds-grape-strawberry,"€1,69",5.00,/collections/snack-americani/products/wonka-nerds-grape-strawberry
mrs-freshleys-crunch-mini-donuts-ciambelle-rivestite-di-zucchero-da-96g,"€1,99",4.38,/collections/snack-americani/products/mrs-freshleys-crunch-mini-donuts-ciambelle-rivestite-di-zucchero-da-96g
happy-hippo-5-pezzi,"€3,99",5.00,/collections/snack-americani/products/happy-hippo-5-pezzi
harry-potter-slugs-lumache-jelly-belly,"€4,99",4.50,/collections/snack-americani/products/harry-potter-slugs-lumache-jelly-belly
hersheys-cookiesnchocolate,"€1,79",4.92,/collections/snack-americani/products/hersheys-cookiesnchocolate
cinnamon-toast-crunch-chocolste-churros-onfezione-di-cereali-churros-al-cioccolato-da-337g,"€8,49",0.00,/collections/snack-americani/products/cinnamon-toast-crunch-chocolste-churros-onfezione-di-cereali-churros-al-cioccolato-da-337g
dr-pepper-cream-soda-bevanda-alla-vaniglia-da-355ml,"€1,69",5.00,/collections/snack-americani/products/dr-pepper-cream-soda-bevanda-alla-vaniglia-da-355ml
candy-can-marshmallow-zero-sugar-al-gusto-di-marshmallow-da-330ml,"€1,79",3.00,/collections/snack-americani/products/candy-can-marshmallow-zero-sugar-al-gusto-di-marshmallow-da-330ml
hostess-ding-dong-caramel-brownies-al-cioccolato-e-crema-al-caramello-nel-formato-da-10-pezzi,"€7,99",0.00,/collections/snack-americani/products/hostess-ding-dong-caramel-brownies-al-cioccolato-e-crema-al-caramello-nel-formato-da-10-pezzi
pop-tarts-frosted-raspberry-biscotti-ripieni-di-crema-ai-lamponi-da-416g,"€6,49",5.00,/collections/snack-americani/products/pop-tarts-frosted-raspberry-biscotti-ripieni-di-crema-ai-lamponi-da-416g
monster-energy-lewis-hamilton-energy-drink-alla-frutta-da-500ml,"€3,99",0.00,/collections/snack-americani/products/monster-energy-lewis-hamilton-energy-drink-alla-frutta-da-500ml
salsa-de-queso-old-el-paso-salsa-al-formaggio-con-peperoni-rossi-da-320g,"€3,99",5.00,/collections/snack-americani/products/salsa-de-queso-old-el-paso-salsa-al-formaggio-con-peperoni-rossi-da-320g
candy-can-bubble-gum-zero-sugar-bevanda-al-gusto-di-bubble-gum-da-355ml,"€1,79",0.00,/collections/snack-americani/products/candy-can-bubble-gum-zero-sugar-bevanda-al-gusto-di-bubble-gum-da-355ml
twinkies-mixed-berry-merendine-al-gusto-di-bacche-selvatiche-da-385g,"€8,99",0.00,/collections/snack-americani/products/twinkies-mixed-berry-merendine-al-gusto-di-bacche-selvatiche-da-385g
coca-cola-cherry-uk-coca-cola-alla-ciliegia-da-330ml,"€1,69",4.88,/collections/snack-americani/products/coca-cola-cherry-uk-coca-cola-alla-ciliegia-da-330ml
kit-kat-duos-mocha-barretta-al-cioccolato-con-crema-al-gusto-mocha-e-wafer-da-48g,"€2,49",5.00,/collections/snack-americani/products/kit-kat-duos-mocha-barretta-al-cioccolato-con-crema-al-gusto-mocha-e-wafer-da-48g
jelly-belly-10-mix-frutta-confezione-grande,"€3,49",4.00,/collections/snack-americani/products/jelly-belly-10-mix-frutta-confezione-grande
dr-pepper-vanilla,"€1,79",3.88,/collections/snack-americani/products/dr-pepper-vanilla
snickers-peanut-butter,"€2,49",4.82,/collections/snack-americani/products/snickers-peanut-butter
cadbury-crunchie-spread,"€5,99",4.50,/collections/snack-americani/products/cadbury-crunchie-spread
combos-cheddar-cheese-cracker,"€1,79",4.83,/collections/snack-americani/products/combos-cheddar-cheese-cracker
ferrero-hanuta-wafer-ripieno-di-crema-alla-nocciola-da-44g,"€1,49",5.00,/collections/snack-americani/products/ferrero-hanuta-wafer-ripieno-di-crema-alla-nocciola-da-44g
kit-kat-chuncky-peanut-butter-barretta-al-cioccolato-ripieno-di-burro-darachidi-da-42g,"€1,29",0.00,/collections/snack-americani/products/kit-kat-chuncky-peanut-butter-barretta-al-cioccolato-ripieno-di-burro-darachidi-da-42g
barretta-jack-links-beef-jerky-sweet-hot-carne-essiccata-da-22-5g,"€2,99",3.25,/collections/snack-americani/products/barretta-jack-links-beef-jerky-sweet-hot-carne-essiccata-da-22-5g
ferrero-hanuta-riegel-wafer-rivestito-da-cioccolato-da-34-5g,"€1,49",5.00,/collections/snack-americani/products/ferrero-hanuta-riegel-wafer-rivestito-da-cioccolato-da-34-5g
monster-cuba-libre-energy-drink-al-gusto-di-cuba-libre-da-355ml,"€5,99",0.00,/collections/snack-americani/products/monster-cuba-libre-energy-drink-al-gusto-di-cuba-libre-da-355ml
monster-energy-m3-energy-drink-super-concentrato-da-150ml,"€4,99",5.00,/collections/snack-americani/products/monster-energy-m3-energy-drink-super-concentrato-da-150ml
monster-ultra-black,"€3,99",5.00,/collections/snack-americani/products/monster-ultra-black
pop-tarts-frosted-chocolate-fudge,"€6,49",4.67,/collections/snack-americani/products/pop-tarts-frosted-chocolate-fudge
patriots-coated-peanut-bbq-arachidi-al-barbecue-da-30g,"€0,99",5.00,/collections/snack-americani/products/patriots-coated-peanut-bbq-arachidi-al-barbecue-da-30g
jack-links-beef-jerky-sweet-n-hot,"€2,99",4.20,/collections/snack-americani/products/jack-links-beef-jerky-sweet-n-hot
cow-tales-vanilla,"€0,99",5.00,/collections/snack-americani/products/cow-tales-vanilla
nesquik-banana,"€5,99",4.70,/collections/snack-americani/products/nesquik-banana
guacamole-old-el-paso-salsa-guacamole-a-base-di-avocado-da-320g,"€3,99",5.00,/collections/snack-americani/products/guacamole-old-el-paso-salsa-guacamole-a-base-di-avocado-da-320g
nesquik-strawberry,"€5,99",5.00,/collections/snack-americani/products/nesquik-strawberry
ocean-bomb-vegeta-cider-bevanda-al-limone-da-330ml,"€3,99",4.00,/collections/snack-americani/products/ocean-bomb-vegeta-cider-bevanda-al-limone-da-330ml
mallo-cup,"€1,99",4.80,/collections/snack-americani/products/mallo-cup
hostess-twinkies-banana,"€8,49",4.89,/collections/snack-americani/products/hostess-twinkies-banana
harry-potter-knight-bus-tin-with-chewy-candy-salvadanaio-con-allinterno-simboli-gommosi-alla-frutta-da-112g,"€19,90",5.00,/collections/snack-americani/products/harry-potter-knight-bus-tin-with-chewy-candy-salvadanaio-con-allinterno-simboli-gommosi-alla-frutta-da-112g
hersheys-sprinklesn-creme-barretta-di-cioccolato-bianco-con-pezzetti-di-zucchero-colorati-da-39g,"€1,79",5.00,/collections/snack-americani/products/hersheys-sprinklesn-creme-barretta-di-cioccolato-bianco-con-pezzetti-di-zucchero-colorati-da-39g
skittles-tropical-big-bag-confetti-alla-frutta-da-196g,"€2,99",5.00,/collections/snack-americani/products/skittles-tropical-big-bag-confetti-alla-frutta-da-196g
cadbury-caramel-spread,"€5,99",4.91,/collections/snack-americani/products/cadbury-caramel-spread
monster-energy-nitro-super-dry-energy-drink-azotato-con-taurina-e-ginseng-da-500ml,"€3,99",5.00,/collections/snack-americani/products/monster-energy-nitro-super-dry-energy-drink-azotato-con-taurina-e-ginseng-da-500ml
jack-links-beef-jerky-teriyaki,"€3,49",5.00,/collections/snack-americani/products/jack-links-beef-jerky-teriyaki
monster-energy-ultra-citron-energy-drink-al-limone-da-500ml,"€3,90",3.50,/collections/snack-americani/products/monster-energy-ultra-citron-energy-drink-al-limone-da-500ml
new-heroes-peanut-butter-crunchy-burro-darachidi-con-pezzi-da-250g,"€3,49",5.00,/collections/snack-americani/products/new-heroes-peanut-butter-crunchy-burro-darachidi-con-pezzi-da-250g
reeses-3-peanut-butter-cups-tortine-di-cioccolato-ripiene-di-burro-darachidi-da-51-gr,"€1,79",4.87,/collections/snack-americani/products/reeses-3-peanut-butter-cups-tortine-di-cioccolato-ripiene-di-burro-darachidi-da-51-gr
reeses-snack-cake-due-tortine-al-cioccolato-e-burro-darachidi-da-77g,"€2,99",0.00,/collections/snack-americani/products/reeses-snack-cake-due-tortine-al-cioccolato-e-burro-darachidi-da-77g
monster-loca-mocha-energizzante-al-caffe-da-443ml,"€5,99",4.00,/collections/snack-americani/products/monster-loca-mocha-energizzante-al-caffe-da-443ml
monster-mule-ginger-brew-energy-drink-al-ginger-da-473ml,"€3,49",5.00,/collections/snack-americani/products/monster-mule-ginger-brew-energy-drink-al-ginger-da-473ml
pop-tarts-frosted-smores,"€6,49",4.00,/collections/snack-americani/products/pop-tarts-frosted-smores
hersheys-cookiesncream,"€1,79",4.90,/collections/snack-americani/products/hersheys-cookiesncream
reeses-big-cup-with-pretzel-cioccolatini-al-burro-darachidi-da-36g,"€2,49",5.00,/collections/snack-americani/products/reeses-big-cup-with-pretzel-cioccolatini-al-burro-darachidi-da-36g
jack-links-beef-jerky-teriyaki-confezione-da-75-grammi,"€6,29",4.33,/collections/snack-americani/products/jack-links-beef-jerky-teriyaki-confezione-da-75-grammi
jack-links-beef-jerky-sweet-n-hot-confezione-da-75-grammi,"€6,99",4.78,/collections/snack-americani/products/jack-links-beef-jerky-sweet-n-hot-confezione-da-75-grammi
coca-cola-vanilla,"€1,69",4.74,/collections/snack-americani/products/coca-cola-vanilla
oreo-brownie,"€1,99",4.80,/collections/snack-americani/products/oreo-brownie
pop-tarts-cookies-and-creme,"€6,49",4.86,/collections/snack-americani/products/pop-tarts-cookies-and-creme
pringles-scorchin-bbq-patatine-piccanti-al-barbecue-da-158g,"€4,49",3.00,/collections/snack-americani/products/pringles-scorchin-bbq-patatine-piccanti-al-barbecue-da-158g
tre-lattine-coca-cola-vanilla,"
        €3,99
      ",4.50,/collections/snack-americani/products/tre-lattine-coca-cola-vanilla
fanta-berry-soda,"€1,69",4.63,/collections/snack-americani/products/fanta-berry-soda
my-cousin-sciroppo-dacero-puro-grado-a,"€4,90",4.82,/collections/snack-americani/products/my-cousin-sciroppo-dacero-puro-grado-a
new-heroes-peanut-butter-creamy-burro-darachidi-da-250g,"€3,49",4.75,/collections/snack-americani/products/new-heroes-peanut-butter-creamy-burro-darachidi-da-250g
monster-java-mean-bean,"€5,99",4.91,/collections/snack-americani/products/monster-java-mean-bean
reeses-2-peanut-butter-cups,"€1,99",5.00,/collections/snack-americani/products/reeses-2-peanut-butter-cups
monster-ultra-gold-energy-drink-allananas-da-473ml,"€6,99",4.50,/collections/snack-americani/products/monster-ultra-gold-energy-drink-allananas-da-473ml
new-heroes-cookiesncream-crema-di-cioccolato-bianco-con-pezzetti-cookies-da-220g,"€4,99",5.00,/collections/snack-americani/products/new-heroes-cookiesncream-crema-di-cioccolato-bianco-con-pezzetti-cookies-da-220g
ferrero-hanuta-confezione-da-10-wafer-al-cioccolato-con-crema-alla-nocciola,"€5,99",4.50,/collections/snack-americani/products/ferrero-hanuta-confezione-da-10-wafer-al-cioccolato-con-crema-alla-nocciola
pringles-scorchin-chili-lime-patatine-piccanti-al-lime-da-158g,"€4,49",5.00,/collections/snack-americani/products/pringles-scorchin-chili-lime-patatine-piccanti-al-lime-da-158g
hostess-twinkies-confezione-da-10,"€8,99",4.67,/collections/snack-americani/products/hostess-twinkies-confezione-da-10
fanta-grape-soda,"€1,69",4.84,/collections/snack-americani/products/fanta-grape-soda
